clave_propuesta,archivo,linea,tipo,texto_original,texto_con_marcadores,tiene_interpolacion,duplicado_de_n_sitios
album-cover-picker-view.album,studio/AuraStudio/Sources/AuraStudio/Views/AlbumCoverPickerView.swift,64,Text,Álbum \(queuePosition.index) de \(queuePosition.total),Álbum %@ de %@,sí,
album-cover-picker-view.buscando-caratulas-cover-art-archive-dee,studio/AuraStudio/Sources/AuraStudio/Views/AlbumCoverPickerView.swift,81,Text,Buscando carátulas en Cover Art Archive y Deezer...,Buscando carátulas en Cover Art Archive y Deezer...,no,
album-cover-picker-view.caratulas-para,studio/AuraStudio/Sources/AuraStudio/Views/AlbumCoverPickerView.swift,68,Text,Carátulas para «\(request.albumTitle)»,Carátulas para «%@»,sí,
album-cover-picker-view.deja-este-album-como-esta-pasa,studio/AuraStudio/Sources/AuraStudio/Views/AlbumCoverPickerView.swift,155,.help,Deja este álbum como está y pasa al siguiente de la lista,Deja este álbum como está y pasa al siguiente de la lista,no,
album-cover-picker-view.no-se-encontraron-caratulas-para-este,studio/AuraStudio/Sources/AuraStudio/Views/AlbumCoverPickerView.swift,92,Text,No se encontraron carátulas para este álbum.,No se encontraron carátulas para este álbum.,no,
album-cover-picker-view.omitir-este-album,studio/AuraStudio/Sources/AuraStudio/Views/AlbumCoverPickerView.swift,154,Button,Omitir este álbum,Omitir este álbum,no,
album-cover-picker-view.recomendada,studio/AuraStudio/Sources/AuraStudio/Views/AlbumCoverPickerView.swift,119,Text,Recomendada,Recomendada,no,
album-cover-picker-view.revisa-que-titulo-artista-album-esten,studio/AuraStudio/Sources/AuraStudio/Views/AlbumCoverPickerView.swift,94,Text,Revisa que el título y el artista del álbum estén bien escritos; también puedes activar Deezer en Ajustes › Servicios para tener más resultados.,Revisa que el título y el artista del álbum estén bien escritos; también puedes activar Deezer en Ajustes › Servicios para tener más resultados.,no,
album-cover-picker-view.usar-esta-caratula,studio/AuraStudio/Sources/AuraStudio/Views/AlbumCoverPickerView.swift,160,Button,Usar esta carátula,Usar esta carátula,no,
album-cover-picker-view.usar-recomendada,studio/AuraStudio/Sources/AuraStudio/Views/AlbumCoverPickerView.swift,158,Button,Usar recomendada,Usar recomendada,no,
albums-view.abrir,studio/AuraStudio/Sources/AuraStudio/Views/AlbumsView.swift,571,Button,Abrir,Abrir,no,4
albums-view.abrir,studio/AuraStudio/Sources/AuraStudio/Views/MoviesView.swift,423,Button,Abrir,Abrir,no,4
albums-view.abrir,studio/AuraStudio/Sources/AuraStudio/Views/PhotoAlbumsView.swift,380,Button,Abrir,Abrir,no,4
albums-view.abrir,studio/AuraStudio/Sources/AuraStudio/Views/SeriesView.swift,491,Button,Abrir,Abrir,no,4
albums-view.albumes,studio/AuraStudio/Sources/AuraStudio/Views/AlbumsView.swift,140,.navigationTitle,Álbumes,Álbumes,no,2
albums-view.albumes,studio/AuraStudio/Sources/AuraStudio/Views/AlbumsView.swift,488,Label,Álbumes,Álbumes,no,2
albums-view.aplica-sin-preguntar-caratula-que-supere,studio/AuraStudio/Sources/AuraStudio/Views/AlbumsView.swift,596,.help,"Aplica sin preguntar la carátula que supere el umbral de confianza en cada álbum; los que no tengan una opción segura los eliges tú, uno por uno","Aplica sin preguntar la carátula que supere el umbral de confianza en cada álbum; los que no tengan una opción segura los eliges tú, uno por uno",no,2
albums-view.aplica-sin-preguntar-caratula-que-supere,studio/AuraStudio/Sources/AuraStudio/Views/MediaSectionView.swift,1011,.help,"Aplica sin preguntar la carátula que supere el umbral de confianza en cada álbum; los que no tengan una opción segura los eliges tú, uno por uno","Aplica sin preguntar la carátula que supere el umbral de confianza en cada álbum; los que no tengan una opción segura los eliges tú, uno por uno",no,2
albums-view.aplica-sin-preguntar-solo-caratula-que,studio/AuraStudio/Sources/AuraStudio/Views/AlbumsView.swift,589,.help,"Aplica sin preguntar solo la carátula que supere el umbral de confianza; si ninguna lo supera, se abre el selector","Aplica sin preguntar solo la carátula que supere el umbral de confianza; si ninguna lo supera, se abre el selector",no,2
albums-view.aplica-sin-preguntar-solo-caratula-que,studio/AuraStudio/Sources/AuraStudio/Views/MediaSectionView.swift,1007,.help,"Aplica sin preguntar solo la carátula que supere el umbral de confianza; si ninguna lo supera, se abre el selector","Aplica sin preguntar solo la carátula que supere el umbral de confianza; si ninguna lo supera, se abre el selector",no,2
albums-view.aplicar-caratula-recomendada,studio/AuraStudio/Sources/AuraStudio/Views/AlbumsView.swift,587,Button,Aplicar carátula recomendada,Aplicar carátula recomendada,no,2
albums-view.aplicar-caratula-recomendada,studio/AuraStudio/Sources/AuraStudio/Views/MediaSectionView.swift,1005,Button,Aplicar carátula recomendada,Aplicar carátula recomendada,no,2
albums-view.busca-varias-caratulas-cover-art-archive,studio/AuraStudio/Sources/AuraStudio/Views/AlbumsView.swift,529,.help,Busca varias carátulas en Cover Art Archive y Deezer y aplica la que elijas a todas las canciones del álbum,Busca varias carátulas en Cover Art Archive y Deezer y aplica la que elijas a todas las canciones del álbum,no,2
albums-view.busca-varias-caratulas-cover-art-archive,studio/AuraStudio/Sources/AuraStudio/Views/MediaSectionView.swift,1004,.help,Busca varias carátulas en Cover Art Archive y Deezer y aplica la que elijas a todas las canciones del álbum,Busca varias carátulas en Cover Art Archive y Deezer y aplica la que elijas a todas las canciones del álbum,no,2
albums-view.buscar-caratulas-album,studio/AuraStudio/Sources/AuraStudio/Views/AlbumsView.swift,525,Button,Buscar carátulas del álbum...,Buscar carátulas del álbum...,no,3
albums-view.buscar-caratulas-album,studio/AuraStudio/Sources/AuraStudio/Views/AlbumsView.swift,585,Button,Buscar carátulas del álbum...,Buscar carátulas del álbum...,no,3
albums-view.buscar-caratulas-album,studio/AuraStudio/Sources/AuraStudio/Views/MediaSectionView.swift,1003,Button,Buscar carátulas del álbum...,Buscar carátulas del álbum...,no,3
albums-view.buscar-caratulas-albumes,studio/AuraStudio/Sources/AuraStudio/Views/AlbumsView.swift,594,Button,Buscar carátulas de \(requests.count) álbumes...,Buscar carátulas de %lld álbumes...,sí,
albums-view.buscar-informacion-linea,studio/AuraStudio/Sources/AuraStudio/Views/AlbumsView.swift,522,Button,Buscar información en línea,Buscar información en línea,no,7
albums-view.buscar-informacion-linea,studio/AuraStudio/Sources/AuraStudio/Views/AlbumsView.swift,577,Button,Buscar información en línea,Buscar información en línea,no,7
albums-view.buscar-informacion-linea,studio/AuraStudio/Sources/AuraStudio/Views/ArtistsView.swift,253,Button,Buscar información en línea,Buscar información en línea,no,7
albums-view.buscar-informacion-linea,studio/AuraStudio/Sources/AuraStudio/Views/ArtistsView.swift,291,Button,Buscar información en línea,Buscar información en línea,no,7
albums-view.buscar-informacion-linea,studio/AuraStudio/Sources/AuraStudio/Views/ArtistsView.swift,333,Button,Buscar información en línea,Buscar información en línea,no,7
albums-view.buscar-informacion-linea,studio/AuraStudio/Sources/AuraStudio/Views/ArtistsView.swift,416,Button,Buscar información en línea,Buscar información en línea,no,7
albums-view.buscar-informacion-linea,studio/AuraStudio/Sources/AuraStudio/Views/MediaSectionView.swift,984,Button,Buscar información en línea,Buscar información en línea,no,7
albums-view.mostrar-finder,studio/AuraStudio/Sources/AuraStudio/Views/AlbumsView.swift,599,Button,Mostrar en Finder,Mostrar en Finder,no,13
albums-view.mostrar-finder,studio/AuraStudio/Sources/AuraStudio/Views/ArtistsView.swift,259,Button,Mostrar en Finder,Mostrar en Finder,no,13
albums-view.mostrar-finder,studio/AuraStudio/Sources/AuraStudio/Views/ArtistsView.swift,337,Button,Mostrar en Finder,Mostrar en Finder,no,13
albums-view.mostrar-finder,studio/AuraStudio/Sources/AuraStudio/Views/ArtistsView.swift,397,Button,Mostrar en Finder,Mostrar en Finder,no,13
albums-view.mostrar-finder,studio/AuraStudio/Sources/AuraStudio/Views/ArtistsView.swift,433,Button,Mostrar en Finder,Mostrar en Finder,no,13
albums-view.mostrar-finder,studio/AuraStudio/Sources/AuraStudio/Views/MediaSectionView.swift,1125,Button,Mostrar en Finder,Mostrar en Finder,no,13
albums-view.mostrar-finder,studio/AuraStudio/Sources/AuraStudio/Views/MoviesView.swift,440,Button,Mostrar en Finder,Mostrar en Finder,no,13
albums-view.mostrar-finder,studio/AuraStudio/Sources/AuraStudio/Views/PhotoAlbumsView.swift,401,Button,Mostrar en Finder,Mostrar en Finder,no,13
albums-view.mostrar-finder,studio/AuraStudio/Sources/AuraStudio/Views/PhotoAlbumsView.swift,530,Button,Mostrar en Finder,Mostrar en Finder,no,13
albums-view.mostrar-finder,studio/AuraStudio/Sources/AuraStudio/Views/SeriesView.swift,472,Button,Mostrar en Finder,Mostrar en Finder,no,13
albums-view.mostrar-finder,studio/AuraStudio/Sources/AuraStudio/Views/SeriesView.swift,508,Button,Mostrar en Finder,Mostrar en Finder,no,13
albums-view.mostrar-finder,studio/AuraStudio/Sources/AuraStudio/Views/SettingsSectionView.swift,101,Button,Mostrar en Finder,Mostrar en Finder,no,13
albums-view.mostrar-finder,studio/AuraStudio/Sources/AuraStudio/Views/SimilarItemsView.swift,374,Button,Mostrar en Finder,Mostrar en Finder,no,13
albums-view.ordenar-albumes,studio/AuraStudio/Sources/AuraStudio/Views/AlbumsView.swift,357,.help,Ordenar los álbumes,Ordenar los álbumes,no,
albums-view.ordenar-por,studio/AuraStudio/Sources/AuraStudio/Views/AlbumsView.swift,347,Picker,Ordenar por,Ordenar por,no,2
albums-view.ordenar-por,studio/AuraStudio/Sources/AuraStudio/Views/MoviesView.swift,234,Picker,Ordenar por,Ordenar por,no,2
albums-view.texto,studio/AuraStudio/Sources/AuraStudio/Views/AlbumsView.swift,652,.help,\(album.title) — \(album.artist),%@ — %@,sí,
app-menu-commands.agregar-biblioteca,studio/AuraStudio/Sources/AuraStudio/Views/AppMenuCommands.swift,118,Button,Agregar a la biblioteca...,Agregar a la biblioteca...,no,
app-menu-commands.buscar-actualizaciones-aura-studio,studio/AuraStudio/Sources/AuraStudio/Views/AppMenuCommands.swift,105,Button,Buscar actualizaciones de Aura Studio...,Buscar actualizaciones de Aura Studio...,no,
app-menu-commands.buscar-elementos-similares,studio/AuraStudio/Sources/AuraStudio/Views/AppMenuCommands.swift,169,Button,Buscar elementos similares...,Buscar elementos similares...,no,2
app-menu-commands.buscar-elementos-similares,studio/AuraStudio/Sources/AuraStudio/Views/MediaSectionView.swift,1130,Button,Buscar elementos similares...,Buscar elementos similares...,no,2
app-menu-commands.deseleccionar-todo,studio/AuraStudio/Sources/AuraStudio/Views/AppMenuCommands.swift,73,Button,Deseleccionar todo,Deseleccionar todo,no,
app-menu-commands.mostrar-barra-estado,studio/AuraStudio/Sources/AuraStudio/Views/AppMenuCommands.swift,134,Text,Mostrar barra de estado,Mostrar barra de estado,no,
app-menu-commands.mostrar-carpeta-biblioteca-finder,studio/AuraStudio/Sources/AuraStudio/Views/AppMenuCommands.swift,177,Button,Mostrar carpeta de la biblioteca en Finder,Mostrar carpeta de la biblioteca en Finder,no,
app-menu-commands.seleccionar-todo,studio/AuraStudio/Sources/AuraStudio/Views/AppMenuCommands.swift,67,Button,Seleccionar todo,Seleccionar todo,no,
app-update-bar.abre-notas-version-github,studio/AuraStudio/Sources/AuraStudio/Views/AppUpdateBar.swift,36,.help,Abre las notas de la versión \(update.version.releaseString) en GitHub,Abre las notas de la versión %@ en GitHub,sí,
app-update-bar.ahora-no,studio/AuraStudio/Sources/AuraStudio/Views/AppUpdateBar.swift,43,Button,Ahora no,Ahora no,no,3
app-update-bar.ahora-no,studio/AuraStudio/Sources/AuraStudio/Views/MediaSectionView.swift,523,Button,Ahora no,Ahora no,no,3
app-update-bar.ahora-no,studio/AuraStudio/Sources/AuraStudio/Views/MediaSectionView.swift,571,Button,Ahora no,Ahora no,no,3
app-update-bar.baja-aura-studio-no-se-actualiza,studio/AuraStudio/Sources/AuraStudio/Views/AppUpdateBar.swift,41,.help,"Baja \(update.assetName). Aura Studio no se actualiza sola: cuando termine, ábrelo y arrastra la app a Aplicaciones.","Baja %@. Aura Studio no se actualiza sola: cuando termine, ábrelo y arrastra la app a Aplicaciones.",sí,
app-update-bar.descargar,studio/AuraStudio/Sources/AuraStudio/Views/AppUpdateBar.swift,39,Button,Descargar,Descargar,no,
app-update-bar.hay-version-nueva-aura-studio,studio/AuraStudio/Sources/AuraStudio/Views/AppUpdateBar.swift,22,Text,Hay una versión nueva de Aura Studio: \(update.version.releaseString),Hay una versión nueva de Aura Studio: %@,sí,
app-update-bar.instalador-todavia-no-esta-publicado-ese,studio/AuraStudio/Sources/AuraStudio/Views/AppUpdateBar.swift,27,Text,El instalador todavía no está publicado en ese Release.,El instalador todavía no está publicado en ese Release.,no,
app-update-bar.oculta-este-aviso-no-vuelve-aparecer,studio/AuraStudio/Sources/AuraStudio/Views/AppUpdateBar.swift,45,.help,Oculta este aviso. No vuelve a aparecer por esta versión.,Oculta este aviso. No vuelve a aparecer por esta versión.,no,
app-update-bar.ver-novedades,studio/AuraStudio/Sources/AuraStudio/Views/AppUpdateBar.swift,34,Button,Ver novedades,Ver novedades,no,
artist-image-store.02x,studio/AuraStudio/Sources/AuraStudio/Services/ArtistImageStore.swift,44,String(format:),_%02x,_%02x,no,
artists-view.artistas,studio/AuraStudio/Sources/AuraStudio/Views/ArtistsView.swift,77,.navigationTitle,Artistas,Artistas,no,
artists-view.artistas-seleccionados,studio/AuraStudio/Sources/AuraStudio/Views/ArtistsView.swift,247,Text,\(artists.count) artistas seleccionados,%lld artistas seleccionados,sí,
artists-view.buscar-fotos,studio/AuraStudio/Sources/AuraStudio/Views/ArtistsView.swift,257,Button,Buscar fotos,Buscar fotos,no,
artists-view.buscar-fotos-artistas-linea-fanart-tv,studio/AuraStudio/Sources/AuraStudio/Views/ArtistsView.swift,168,.help,Buscar fotos de los artistas en línea (fanart.tv / Deezer),Buscar fotos de los artistas en línea (fanart.tv / Deezer),no,
artists-view.elige-artista-lista,studio/AuraStudio/Sources/AuraStudio/Views/ArtistsView.swift,229,Text,Elige un artista de la lista.,Elige un artista de la lista.,no,
artists-view.eliminar,studio/AuraStudio/Sources/AuraStudio/Views/ArtistsView.swift,262,Button,Eliminar,Eliminar,no,7
artists-view.eliminar,studio/AuraStudio/Sources/AuraStudio/Views/DeviceGeneralView.swift,161,Button,Eliminar,Eliminar,no,7
artists-view.eliminar,studio/AuraStudio/Sources/AuraStudio/Views/MediaSectionView.swift,1136,Button,Eliminar,Eliminar,no,7
artists-view.eliminar,studio/AuraStudio/Sources/AuraStudio/Views/SimilarItemsView.swift,89,Text,Eliminar,Eliminar,no,7
artists-view.eliminar,studio/AuraStudio/Sources/AuraStudio/Views/SyncSheets.swift,134,Button,Eliminar,Eliminar,no,7
artists-view.eliminar,studio/AuraStudio/Sources/AuraStudio/Views/ThemesView.swift,167,Button,Eliminar,Eliminar,no,7
artists-view.eliminar,studio/AuraStudio/Sources/AuraStudio/Views/ThemesView.swift,203,Button,Eliminar,Eliminar,no,7
artists-view.mas-informacion,studio/AuraStudio/Sources/AuraStudio/Views/ArtistsView.swift,392,Button,Más información...,Más información...,no,4
artists-view.mas-informacion,studio/AuraStudio/Sources/AuraStudio/Views/MediaSectionView.swift,1093,Button,Más información...,Más información...,no,4
artists-view.mas-informacion,studio/AuraStudio/Sources/AuraStudio/Views/MoviesView.swift,390,Button,Más información...,Más información...,no,4
artists-view.mas-informacion,studio/AuraStudio/Sources/AuraStudio/Views/SeriesView.swift,458,Button,Más información...,Más información...,no,4
artists-view.todavia-no-hay-musica-biblioteca,studio/AuraStudio/Sources/AuraStudio/Views/ArtistsView.swift,180,Text,Todavía no hay música en la biblioteca.,Todavía no hay música en la biblioteca.,no,
aura-studio-app.biblioteca,studio/AuraStudio/Sources/AuraStudio/AuraStudioApp.swift,51,CommandMenu,Biblioteca,Biblioteca,no,
automatic-update-view.listo,studio/AuraStudio/Sources/AuraStudio/Views/AutomaticUpdateView.swift,27,Button,Listo,Listo,no,8
automatic-update-view.listo,studio/AuraStudio/Sources/AuraStudio/Views/LicensesView.swift,28,Button,Listo,Listo,no,8
automatic-update-view.listo,studio/AuraStudio/Sources/AuraStudio/Views/MediaInfoView.swift,323,Button,Listo,Listo,no,8
automatic-update-view.listo,studio/AuraStudio/Sources/AuraStudio/Views/MediaSectionView.swift,857,Text,Listo,Listo,no,8
automatic-update-view.listo,studio/AuraStudio/Sources/AuraStudio/Views/MusicViewOptionsView.swift,42,Button,Listo,Listo,no,8
automatic-update-view.listo,studio/AuraStudio/Sources/AuraStudio/Views/PlaylistsView.swift,42,Button,Listo,Listo,no,8
automatic-update-view.listo,studio/AuraStudio/Sources/AuraStudio/Views/SimilarItemsView.swift,179,Button,Listo,Listo,no,8
automatic-update-view.listo,studio/AuraStudio/Sources/AuraStudio/Views/SyncSheets.swift,93,Button,Listo,Listo,no,8
await-bootloader-u-s-b-view.arranque-grabado,studio/AuraStudio/Sources/AuraStudio/Views/AwaitBootloaderUSBView.swift,18,Text,Arranque grabado,Arranque grabado,no,
await-bootloader-u-s-b-view.bootloader-aura-ya-esta-tu-ipod,studio/AuraStudio/Sources/AuraStudio/Views/AwaitBootloaderUSBView.swift,20,Text,El bootloader de Aura ya está en tu iPod. Ahora falta copiar Aura al disco.,El bootloader de Aura ya está en tu iPod. Ahora falta copiar Aura al disco.,no,
await-bootloader-u-s-b-view.disco-detectado-copiando-aura,studio/AuraStudio/Sources/AuraStudio/Views/AwaitBootloaderUSBView.swift,46,Label,Disco detectado -- copiando Aura...,Disco detectado -- copiando Aura...,no,
await-bootloader-u-s-b-view.esperando-que-ipod-reaparezca-como-disco,studio/AuraStudio/Sources/AuraStudio/Views/AwaitBootloaderUSBView.swift,55,Text,Esperando a que el iPod reaparezca como disco...,Esperando a que el iPod reaparezca como disco...,no,
await-bootloader-u-s-b-view.ipod-aparecio-con-firmware-apple-arranqu,studio/AuraStudio/Sources/AuraStudio/Views/AwaitBootloaderUSBView.swift,42,Label,El iPod apareció con el firmware de Apple -- el arranque no se grabó,El iPod apareció con el firmware de Apple -- el arranque no se grabó,no,
await-bootloader-u-s-b-view.ipod-sigue-dfu-reinicialo-con-select,studio/AuraStudio/Sources/AuraStudio/Views/AwaitBootloaderUSBView.swift,50,Label,El iPod sigue en DFU. Reinícialo con SELECT + MENU.,El iPod sigue en DFU. Reinícialo con SELECT + MENU.,no,
await-bootloader-u-s-b-view.texto,studio/AuraStudio/Sources/AuraStudio/Views/AwaitBootloaderUSBView.swift,68,Text,\(number),%@,sí,3
await-bootloader-u-s-b-view.texto,studio/AuraStudio/Sources/AuraStudio/Views/EnterDFUView.swift,93,Text,\(number),%@,sí,3
await-bootloader-u-s-b-view.texto,studio/AuraStudio/Sources/AuraStudio/Views/RestoreHandoffView.swift,50,Text,\(number),%@,sí,3
back-continue-row.atras,studio/AuraStudio/Sources/AuraStudio/Views/BackContinueRow.swift,18,Button,Atrás,Atrás,no,3
back-continue-row.atras,studio/AuraStudio/Sources/AuraStudio/Views/DetectDeviceView.swift,27,Button,Atrás,Atrás,no,3
back-continue-row.atras,studio/AuraStudio/Sources/AuraStudio/Views/EnterDFUView.swift,49,Button,Atrás,Atrás,no,3
background-task-center-indicator.actividad-segundo-plano,studio/AuraStudio/Sources/AuraStudio/Views/BackgroundTaskCenterIndicator.swift,41,Text,Actividad en segundo plano,Actividad en segundo plano,no,
background-task-center-indicator.cancelar,studio/AuraStudio/Sources/AuraStudio/Views/BackgroundTaskCenterIndicator.swift,81,Button,Cancelar,Cancelar,no,16
background-task-center-indicator.cancelar,studio/AuraStudio/Sources/AuraStudio/Views/BatchMediaInfoView.swift,91,Button,Cancelar,Cancelar,no,16
background-task-center-indicator.cancelar,studio/AuraStudio/Sources/AuraStudio/Views/BatchMediaInfoView.swift,254,Button,Cancelar,Cancelar,no,16
background-task-center-indicator.cancelar,studio/AuraStudio/Sources/AuraStudio/Views/CoverNormalizationBar.swift,28,Button,Cancelar,Cancelar,no,16
background-task-center-indicator.cancelar,studio/AuraStudio/Sources/AuraStudio/Views/DeviceActivityBar.swift,180,Text,Cancelar,Cancelar,no,16
background-task-center-indicator.cancelar,studio/AuraStudio/Sources/AuraStudio/Views/DeviceGeneralView.swift,160,Button,Cancelar,Cancelar,no,16
background-task-center-indicator.cancelar,studio/AuraStudio/Sources/AuraStudio/Views/MediaInfoView.swift,289,Button,Cancelar,Cancelar,no,16
background-task-center-indicator.cancelar,studio/AuraStudio/Sources/AuraStudio/Views/MediaSectionView.swift,1404,Button,Cancelar,Cancelar,no,16
background-task-center-indicator.cancelar,studio/AuraStudio/Sources/AuraStudio/Views/MediaSectionView.swift,1490,Button,Cancelar,Cancelar,no,16
background-task-center-indicator.cancelar,studio/AuraStudio/Sources/AuraStudio/Views/PhotoAlbumsView.swift,568,Button,Cancelar,Cancelar,no,16
background-task-center-indicator.cancelar,studio/AuraStudio/Sources/AuraStudio/Views/PrivilegedActionSheet.swift,34,Button,Cancelar,Cancelar,no,16
background-task-center-indicator.cancelar,studio/AuraStudio/Sources/AuraStudio/Views/SimilarItemsView.swift,90,Text,Cancelar,Cancelar,no,16
background-task-center-indicator.cancelar,studio/AuraStudio/Sources/AuraStudio/Views/SyncSheets.swift,51,Button,Cancelar,Cancelar,no,16
background-task-center-indicator.cancelar,studio/AuraStudio/Sources/AuraStudio/Views/SyncSheets.swift,133,Button,Cancelar,Cancelar,no,16
background-task-center-indicator.cancelar,studio/AuraStudio/Sources/AuraStudio/Views/ThemesView.swift,171,Button,Cancelar,Cancelar,no,16
background-task-center-indicator.cancelar,studio/AuraStudio/Sources/AuraStudio/Views/ThemesView.swift,257,Button,Cancelar,Cancelar,no,16
background-task-center-indicator.nada-corriendo-ahora-mismo,studio/AuraStudio/Sources/AuraStudio/Views/BackgroundTaskCenterIndicator.swift,46,Text,Nada corriendo ahora mismo.,Nada corriendo ahora mismo.,no,
background-task-center-indicator.ver-lo-que-esta-corriendo-segundo,studio/AuraStudio/Sources/AuraStudio/Views/BackgroundTaskCenterIndicator.swift,28,.help,Ver lo que está corriendo en segundo plano,Ver lo que está corriendo en segundo plano,no,
batch-media-info-view.calificacion,studio/AuraStudio/Sources/AuraStudio/Views/BatchMediaInfoView.swift,188,Text,Calificación,Calificación,no,2
batch-media-info-view.calificacion,studio/AuraStudio/Sources/AuraStudio/Views/MediaInfoView.swift,151,Text,Calificación,Calificación,no,2
batch-media-info-view.canciones-seleccionadas,studio/AuraStudio/Sources/AuraStudio/Views/BatchMediaInfoView.swift,176,Text,\(items.count) canciones seleccionadas,%lld canciones seleccionadas,sí,
batch-media-info-view.editar-elementos,studio/AuraStudio/Sources/AuraStudio/Views/BatchMediaInfoView.swift,92,Button,Editar elementos,Editar elementos,no,2
batch-media-info-view.editar-elementos,studio/AuraStudio/Sources/AuraStudio/Views/BatchMediaInfoView.swift,255,Button,Editar elementos,Editar elementos,no,2
batch-media-info-view.editar-varios-elementos,studio/AuraStudio/Sources/AuraStudio/Views/BatchMediaInfoView.swift,177,Text,Editar varios elementos,Editar varios elementos,no,
batch-media-info-view.metadata,studio/AuraStudio/Sources/AuraStudio/Views/BatchMediaInfoView.swift,231,Text,Metadata,Metadata,no,2
batch-media-info-view.metadata,studio/AuraStudio/Sources/AuraStudio/Views/MediaInfoView.swift,161,Text,Metadata,Metadata,no,2
batch-media-info-view.mixto,studio/AuraStudio/Sources/AuraStudio/Views/BatchMediaInfoView.swift,195,Text,Mixto,Mixto,no,2
batch-media-info-view.mixto,studio/AuraStudio/Sources/AuraStudio/Views/BatchMediaInfoView.swift,216,Text,Mixto,Mixto,no,2
batch-media-info-view.no-editables-lote,studio/AuraStudio/Sources/AuraStudio/Views/BatchMediaInfoView.swift,210,Text,No editables en lote,No editables en lote,no,
batch-media-info-view.no-volver-mostrar,studio/AuraStudio/Sources/AuraStudio/Views/BatchMediaInfoView.swift,88,Toggle,No volver a mostrar,No volver a mostrar,no,
batch-media-info-view.quieres-editar-varios-elementos,studio/AuraStudio/Sources/AuraStudio/Views/BatchMediaInfoView.swift,83,Text,¿Quieres editar varios elementos?,¿Quieres editar varios elementos?,no,
batch-media-info-view.se-aplica-canciones-seleccionadas,studio/AuraStudio/Sources/AuraStudio/Views/BatchMediaInfoView.swift,198,Text,Se aplica a las \(items.count) canciones seleccionadas.,Se aplica a las %lld canciones seleccionadas.,sí,
batch-media-info-view.se-editan-cancion-usa-cambiar-nombre,studio/AuraStudio/Sources/AuraStudio/Views/BatchMediaInfoView.swift,222,Text,"Se editan de a una canción -- usa ""Cambiar nombre..."" o ""Más información..."" sobre un solo elemento.","Se editan de a una canción -- usa ""Cambiar nombre..."" o ""Más información..."" sobre un solo elemento.",no,
batch-media-info-view.vas-editar-canciones-vez-campos-que,studio/AuraStudio/Sources/AuraStudio/Views/BatchMediaInfoView.swift,84,Text,"Vas a editar \(count) canciones a la vez. Los campos que no coincidan entre todas se muestran como ""Mixto"" -- lo que escribas se aplica a las \(count). El título y el número de pista no se pueden editar en lote.","Vas a editar %lld canciones a la vez. Los campos que no coincidan entre todas se muestran como ""Mixto"" -- lo que escribas se aplica a las %lld. El título y el número de pista no se pueden editar en lote.",sí,
bundled-artifacts.02x,studio/AuraStudio/Sources/AuraStudio/Services/BundledArtifacts.swift,108,String(format:),%02x,%02x,no,
content-view.actualizar,studio/AuraStudio/Sources/AuraStudio/Views/ContentView.swift,168,Label,Actualizar,Actualizar,no,
content-view.aura-studio,studio/AuraStudio/Sources/AuraStudio/Views/ContentView.swift,857,Section,Aura Studio,Aura Studio,no,2
content-view.aura-studio,studio/AuraStudio/Sources/AuraStudio/Views/InstallerHomeView.swift,63,Text,Aura Studio,Aura Studio,no,2
content-view.sincronizar-con-ipod,studio/AuraStudio/Sources/AuraStudio/Views/ContentView.swift,562,Button,Sincronizar con el iPod,Sincronizar con el iPod,no,
content-view.vuelve-leer-estado-ipod-tu-biblioteca,studio/AuraStudio/Sources/AuraStudio/Views/ContentView.swift,171,.help,Vuelve a leer el estado del iPod y de tu biblioteca. No copia ni borra nada.,Vuelve a leer el estado del iPod y de tu biblioteca. No copia ni borra nada.,no,
cover-contamination-sheet.caratulas-imagenes,studio/AuraStudio/Sources/AuraStudio/Views/CoverContaminationSheet.swift,20,Text,Carátulas en Imágenes,Carátulas en Imágenes,no,
cover-contamination-sheet.cerrar,studio/AuraStudio/Sources/AuraStudio/Views/CoverContaminationSheet.swift,23,Button,Cerrar,Cerrar,no,2
cover-contamination-sheet.cerrar,studio/AuraStudio/Sources/AuraStudio/Views/ThemesView.swift,132,Button,Cerrar,Cerrar,no,2
cover-contamination-sheet.dejar-todo-como-esta,studio/AuraStudio/Sources/AuraStudio/Views/CoverContaminationSheet.swift,59,Button,Dejar todo como está,Dejar todo como está,no,
cover-contamination-sheet.estas-imagenes-entraron-imagenes-por-su,studio/AuraStudio/Sources/AuraStudio/Views/CoverContaminationSheet.swift,27,Text,"Estas imágenes entraron a Imágenes por su extensión, pero parecen carátulas de álbum (por su nombre, o porque viven junto a canciones o videos). Revísalas: las que quites dejan de ser fotos de tu biblioteca; el archivo original en tu Mac no se toca. Si dudas, déjala.","Estas imágenes entraron a Imágenes por su extensión, pero parecen carátulas de álbum (por su nombre, o porque viven junto a canciones o videos). Revísalas: las que quites dejan de ser fotos de tu biblioteca; el archivo original en tu Mac no se toca. Si dudas, déjala.",no,
cover-contamination-sheet.quitar-imagenes,studio/AuraStudio/Sources/AuraStudio/Views/CoverContaminationSheet.swift,53,Button,Quitar de Imágenes,Quitar de Imágenes,no,
cover-contamination-sheet.seleccionadas,studio/AuraStudio/Sources/AuraStudio/Views/CoverContaminationSheet.swift,64,Text,\(selection.count) de \(candidates.count) seleccionadas,%lld de %lld seleccionadas,sí,
cover-normalization-bar.caratulas-tu-biblioteca-pasan-ser-cuadra,studio/AuraStudio/Sources/AuraStudio/Views/CoverNormalizationBar.swift,23,Text,"Las carátulas de tu biblioteca pasan a ser cuadradas, como las muestra el iPod. Tus archivos originales no se tocan.","Las carátulas de tu biblioteca pasan a ser cuadradas, como las muestra el iPod. Tus archivos originales no se tocan.",no,
cover-normalization-bar.detiene-normalizacion-lo-que-ya-se,studio/AuraStudio/Sources/AuraStudio/Views/CoverNormalizationBar.swift,30,.help,Detiene la normalización. Lo que ya se hizo queda hecho y el resto sigue la próxima vez que abras la biblioteca.,Detiene la normalización. Lo que ya se hizo queda hecho y el resto sigue la próxima vez que abras la biblioteca.,no,
cover-store.02x,studio/AuraStudio/Sources/AuraStudio/Services/CoverStore.swift,42,String(format:),%02X,%02X,no,
detect-device-view.buscando-tu-ipod,studio/AuraStudio/Sources/AuraStudio/Views/DetectDeviceView.swift,16,Text,Buscando tu iPod...,Buscando tu iPod...,no,
detect-device-view.conecta-tu-ipod-classic-6g-este,studio/AuraStudio/Sources/AuraStudio/Views/DetectDeviceView.swift,75,Text,"Conecta tu iPod Classic 6G a este Mac por USB. Si iTunes/Music se abre solo, puedes cerrarlo -- no interfiere con Aura Studio.","Conecta tu iPod Classic 6G a este Mac por USB. Si iTunes/Music se abre solo, puedes cerrarlo -- no interfiere con Aura Studio.",no,
detect-device-view.encontramos-con-firmware-original-apple,studio/AuraStudio/Sources/AuraStudio/Views/DetectDeviceView.swift,77,Text,"Encontramos ""\(info.volumeName)"", con el firmware original de Apple (no esta en FAT32 todavia). No hace falta que lo conviertas: haz clic en ""Ya lo conecte, continuar igual"" y Aura Studio lo formatea automaticamente en el paso de preparar el disco, mas adelante.","Encontramos ""%@"", con el firmware original de Apple (no esta en FAT32 todavia). No hace falta que lo conviertas: haz clic en ""Ya lo conecte, continuar igual"" y Aura Studio lo formatea automaticamente en el paso de preparar el disco, mas adelante.",sí,
detect-device-view.encontramos-dispositivo-apple-pero-no-pu,studio/AuraStudio/Sources/AuraStudio/Views/DetectDeviceView.swift,85,Text,"Encontramos un dispositivo Apple, pero no pudimos confirmar que sea un iPod Classic 6G.","Encontramos un dispositivo Apple, pero no pudimos confirmar que sea un iPod Classic 6G.",no,
detect-device-view.encontramos-preparando-siguiente-paso,studio/AuraStudio/Sources/AuraStudio/Views/DetectDeviceView.swift,81,Text,"Encontramos ""\(info.volumeName)"". Preparando el siguiente paso...","Encontramos ""%@"". Preparando el siguiente paso...",sí,
detect-device-view.encontramos-tu-ipod-pero-su-disco,studio/AuraStudio/Sources/AuraStudio/Views/DetectDeviceView.swift,79,Text,"Encontramos tu iPod, pero su disco no tiene un sistema de archivos legible (asi se ve en el modo bootloader, o si una instalacion quedo a medias). Haz clic en ""Ya lo conecte, continuar igual"" para prepararlo e instalar Aura.","Encontramos tu iPod, pero su disco no tiene un sistema de archivos legible (asi se ve en el modo bootloader, o si una instalacion quedo a medias). Haz clic en ""Ya lo conecte, continuar igual"" para prepararlo e instalar Aura.",no,
detect-device-view.tu-ipod-ya-esta-modo-dfu,studio/AuraStudio/Sources/AuraStudio/Views/DetectDeviceView.swift,83,Text,Tu iPod ya esta en modo DFU.,Tu iPod ya esta en modo DFU.,no,
detect-device-view.ya-lo-conecte-continuar-igual,studio/AuraStudio/Sources/AuraStudio/Views/DetectDeviceView.swift,30,Button,"Ya lo conecte, continuar igual","Ya lo conecte, continuar igual",no,
device-activity-bar.alcance,studio/AuraStudio/Sources/AuraStudio/Views/DeviceActivityBar.swift,86,Picker,Alcance,Alcance,no,
device-activity-bar.archivo-s-listo-s-para-sincronizar,studio/AuraStudio/Sources/AuraStudio/Views/DeviceActivityBar.swift,132,Text,\(pendingCount) archivo(s) listo(s) para sincronizar.,%lld archivo(s) listo(s) para sincronizar.,sí,
device-activity-bar.cancelando,studio/AuraStudio/Sources/AuraStudio/Views/DeviceActivityBar.swift,177,Text,Cancelando...,Cancelando...,no,
device-activity-bar.conecta-tu-ipod-para-sincronizar,studio/AuraStudio/Sources/AuraStudio/Views/DeviceActivityBar.swift,126,Text,Conecta tu iPod para sincronizar.,Conecta tu iPod para sincronizar.,no,
device-activity-bar.instala-aura-este-ipod-para-poder,studio/AuraStudio/Sources/AuraStudio/Views/DeviceActivityBar.swift,128,Text,Instala Aura en este iPod para poder sincronizar.,Instala Aura en este iPod para poder sincronizar.,no,
device-activity-bar.sincronizando-archivo-s,studio/AuraStudio/Sources/AuraStudio/Views/DeviceActivityBar.swift,159,Text,Sincronizando \(progress.copied) de \(progress.total) archivo(s)...,Sincronizando %@ de %@ archivo(s)...,sí,
device-activity-bar.sincronizar,studio/AuraStudio/Sources/AuraStudio/Views/DeviceActivityBar.swift,103,Button,Sincronizar,Sincronizar,no,2
device-activity-bar.sincronizar,studio/AuraStudio/Sources/AuraStudio/Views/SyncSheets.swift,52,Button,Sincronizar,Sincronizar,no,2
device-activity-bar.toda-biblioteca,studio/AuraStudio/Sources/AuraStudio/Views/DeviceActivityBar.swift,87,Text,Toda la biblioteca,Toda la biblioteca,no,
device-activity-bar.todo-sincronizado,studio/AuraStudio/Sources/AuraStudio/Views/DeviceActivityBar.swift,134,Text,Todo sincronizado.,Todo sincronizado.,no,
device-activity-bar.usados-libres,studio/AuraStudio/Sources/AuraStudio/Views/DeviceActivityBar.swift,75,Text,\(byteString(device.usedBytes)) usados de \(byteString(device.capacityBytes)) -- \(byteString(device.freeBytes)) libres,%@ usados de %@ -- %@ libres,sí,
device-activity-bar.verificando-ipod,studio/AuraStudio/Sources/AuraStudio/Views/DeviceActivityBar.swift,117,Text,Verificando el iPod...,Verificando el iPod...,no,
device-general-view.actualizacion-disponible,studio/AuraStudio/Sources/AuraStudio/Views/DeviceGeneralView.swift,259,Text,Actualización de \(name)\(version) disponible,Actualización de %@%@ disponible,sí,
device-general-view.administrar-contenido,studio/AuraStudio/Sources/AuraStudio/Views/DeviceGeneralView.swift,385,Label,Administrar contenido,Administrar contenido,no,
device-general-view.buscar-actualizaciones,studio/AuraStudio/Sources/AuraStudio/Views/DeviceGeneralView.swift,297,Button,Buscar actualizaciones de \(name),Buscar actualizaciones de %@,sí,
device-general-view.conecta-tu-ipod,studio/AuraStudio/Sources/AuraStudio/Views/DeviceGeneralView.swift,522,Text,Conecta tu iPod,Conecta tu iPod,no,
device-general-view.contenido,studio/AuraStudio/Sources/AuraStudio/Views/DeviceGeneralView.swift,371,Text,Contenido,Contenido,no,4
device-general-view.contenido,studio/AuraStudio/Sources/AuraStudio/Views/DeviceGeneralView.swift,378,Text,Contenido,Contenido,no,4
device-general-view.contenido,studio/AuraStudio/Sources/AuraStudio/Views/DeviceGeneralView.swift,391,Text,Contenido,Contenido,no,4
device-general-view.contenido,studio/AuraStudio/Sources/AuraStudio/Views/DeviceGeneralView.swift,398,Text,Contenido,Contenido,no,4
device-general-view.contenido-solo-ipod,studio/AuraStudio/Sources/AuraStudio/Views/DeviceGeneralView.swift,123,Button,Contenido solo en el iPod (\(index.foreignFiles.count))…,Contenido solo en el iPod (%lld)…,sí,
device-general-view.disco-esta-vacio-instala-aura-desde,studio/AuraStudio/Sources/AuraStudio/Views/DeviceGeneralView.swift,399,Text,El disco esta vacio. Instala Aura desde la seccion Instalador para empezar a usarlo.,El disco esta vacio. Instala Aura desde la seccion Instalador para empezar a usarlo.,no,
device-general-view.eliminar-contenido,studio/AuraStudio/Sources/AuraStudio/Views/DeviceGeneralView.swift,436,Text,Eliminar contenido,Eliminar contenido,no,
device-general-view.esta-accion-no-se-puede-deshacer,studio/AuraStudio/Sources/AuraStudio/Views/DeviceGeneralView.swift,163,Text,Esta acción no se puede deshacer -- los archivos borrados del iPod no se pueden recuperar. Tu biblioteca en esta Mac no se toca; puedes volver a sincronizar cuando quieras.,Esta acción no se puede deshacer -- los archivos borrados del iPod no se pueden recuperar. Tu biblioteca en esta Mac no se toca; puedes volver a sincronizar cuando quieras.,no,
device-general-view.esta-version-aura-studio-trae-mas,studio/AuraStudio/Sources/AuraStudio/Views/DeviceGeneralView.swift,261,Text,Esta versión de Aura Studio trae un \(name) más nuevo que el instalado en tu iPod. Actualizar no borra tu música ni tus ajustes.,Esta versión de Aura Studio trae un %@ más nuevo que el instalado en tu iPod. Actualizar no borra tu música ni tus ajustes.,sí,
device-general-view.este-ipod-tiene-rockbox-que-no,studio/AuraStudio/Sources/AuraStudio/Views/DeviceGeneralView.swift,392,Text,Este iPod tiene un Rockbox que no es Aura: la biblioteca de Aura Studio no aplica a esta instalacion. En la seccion Instalador puedes instalar Aura (sin flashear -- solo se reemplaza la carpeta .rockbox) o restaurar el firmware original.,Este iPod tiene un Rockbox que no es Aura: la biblioteca de Aura Studio no aplica a esta instalacion. En la seccion Instalador puedes instalar Aura (sin flashear -- solo se reemplaza la carpeta .rockbox) o restaurar el firmware original.,no,
device-general-view.expulsar,studio/AuraStudio/Sources/AuraStudio/Views/DeviceGeneralView.swift,179,Label,Expulsar,Expulsar,no,
device-general-view.general,studio/AuraStudio/Sources/AuraStudio/Views/DeviceGeneralView.swift,134,.navigationTitle,General,General,no,
device-general-view.hay-archivos-aura-disco-pero-no,studio/AuraStudio/Sources/AuraStudio/Views/DeviceGeneralView.swift,372,Text,"Hay archivos de Aura en el disco, pero no hay evidencia de que Aura arranque en este iPod: está corriendo el firmware de Apple y Aura nunca escribió su configuración aquí. Instala Aura desde la sección Instalador (flashea el arranque por DFU y vuelve a copiar los archivos) para activar la biblioteca. Si ya lo instalaste, enciende el iPod con Aura una vez y vuelve a conectarlo.","Hay archivos de Aura en el disco, pero no hay evidencia de que Aura arranque en este iPod: está corriendo el firmware de Apple y Aura nunca escribió su configuración aquí. Instala Aura desde la sección Instalador (flashea el arranque por DFU y vuelve a copiar los archivos) para activar la biblioteca. Si ya lo instalaste, enciende el iPod con Aura una vez y vuelve a conectarlo.",no,
device-general-view.instalar-actualizacion,studio/AuraStudio/Sources/AuraStudio/Views/DeviceGeneralView.swift,278,Button,Instalar actualización de \(name),Instalar actualización de %@,sí,
device-general-view.ipod,studio/AuraStudio/Sources/AuraStudio/Views/DeviceGeneralView.swift,409,Text,En el iPod,En el iPod,no,
device-general-view.mientras-tanto-puedes-ir-armando-bibliot,studio/AuraStudio/Sources/AuraStudio/Views/DeviceGeneralView.swift,525,Text,"Mientras tanto puedes ir armando la biblioteca en Musica, Video y Fotos: se sincroniza cuando conectes el dispositivo.","Mientras tanto puedes ir armando la biblioteca en Musica, Video y Fotos: se sincroniza cuando conectes el dispositivo.",no,
device-general-view.musica-este-ipod-administra-firmware-ori,studio/AuraStudio/Sources/AuraStudio/Views/DeviceGeneralView.swift,379,Text,"La musica de este iPod la administra el firmware original de Apple -- se sincroniza con Finder (o la app Musica), no con Aura Studio. Si instalas Aura desde la seccion Instalador, la biblioteca de Aura Studio se activa.","La musica de este iPod la administra el firmware original de Apple -- se sincroniza con Finder (o la app Musica), no con Aura Studio. Si instalas Aura desde la seccion Instalador, la biblioteca de Aura Studio se activa.",no,
device-general-view.nombre-este-ipod-se-puso-desde,studio/AuraStudio/Sources/AuraStudio/Views/DeviceGeneralView.swift,200,Text,El nombre de este iPod se puso desde otra Mac; solo desde ahí se puede cambiar.,El nombre de este iPod se puso desde otra Mac; solo desde ahí se puede cambiar.,no,
device-general-view.playlists,studio/AuraStudio/Sources/AuraStudio/Views/DeviceGeneralView.swift,415,Label,Playlists,Playlists,no,2
device-general-view.playlists,studio/AuraStudio/Sources/AuraStudio/Views/PlaylistsView.swift,38,Text,Playlists,Playlists,no,2
device-general-view.texto,studio/AuraStudio/Sources/AuraStudio/Views/DeviceGeneralView.swift,417,Text,\(summary.playlistCount),%@,sí,
device-general-view.texto-2,studio/AuraStudio/Sources/AuraStudio/Views/DeviceGeneralView.swift,507,Text,\(summary.count),%lld,sí,
device-general-view.todavia-no-sincronizaste-este-ipod-con,studio/AuraStudio/Sources/AuraStudio/Views/DeviceGeneralView.swift,421,Text,Todavia no sincronizaste este iPod con Aura Studio.,Todavia no sincronizaste este iPod con Aura Studio.,no,
device-general-view.tu-ipod-tiene-firmware-que-esta,studio/AuraStudio/Sources/AuraStudio/Views/DeviceGeneralView.swift,265,Text,"Tu iPod tiene \(name), un firmware que esta versión de Aura Studio no trae embebido. Te avisa de sus actualizaciones pero no puede aplicarlas: descárgala de su repositorio e instálala como de costumbre. Tu biblioteca no se toca.","Tu iPod tiene %@, un firmware que esta versión de Aura Studio no trae embebido. Te avisa de sus actualizaciones pero no puede aplicarlas: descárgala de su repositorio e instálala como de costumbre. Tu biblioteca no se toca.",sí,
device-general-view.ver-release,studio/AuraStudio/Sources/AuraStudio/Views/DeviceGeneralView.swift,282,Button,Ver el Release de \(name),Ver el Release de %@,sí,
device-general-view.volumen-no-esta-fat32,studio/AuraStudio/Sources/AuraStudio/Views/DeviceGeneralView.swift,215,Label,El volumen no esta en FAT32,El volumen no esta en FAT32,no,
device-name-field.haz-clic-para-cambiar-nombre-ipod,studio/AuraStudio/Sources/AuraStudio/Views/DeviceNameField.swift,43,.help,Haz clic para cambiar el nombre del iPod,Haz clic para cambiar el nombre del iPod,no,
done-view.abrir-acceso-total-al-disco,studio/AuraStudio/Sources/AuraStudio/Views/DoneView.swift,127,Button,Abrir Acceso total al disco,Abrir Acceso total al disco,no,
done-view.detectamos-que-firmware-ya-habia-estado,studio/AuraStudio/Sources/AuraStudio/Views/DoneView.swift,82,Text,"Detectamos que el firmware ya había estado instalado antes, así que solo actualizamos los archivos sin volver a grabar el arranque. Si al desconectar el cable tu iPod NO arranca con \(firmwareName), el arranque se perdió desde la instalación anterior y hace falta grabarlo de nuevo por DFU.","Detectamos que el firmware ya había estado instalado antes, así que solo actualizamos los archivos sin volver a grabar el arranque. Si al desconectar el cable tu iPod NO arranca con %@, el arranque se perdió desde la instalación anterior y hace falta grabarlo de nuevo por DFU.",sí,
done-view.instalar-solo-este-firmware-ipod,studio/AuraStudio/Sources/AuraStudio/Views/DoneView.swift,135,Button,Instalar solo este firmware en el iPod,Instalar solo este firmware en el iPod,no,
done-view.instalaste-modo-dual-boot,studio/AuraStudio/Sources/AuraStudio/Views/DoneView.swift,66,Label,Instalaste en modo dual boot,Instalaste en modo dual boot,no,
done-view.no-arranco-con-terminar-por-dfu,studio/AuraStudio/Sources/AuraStudio/Views/DoneView.swift,85,Button,No arrancó con \(firmwareName) -- terminar por DFU,No arrancó con %@ -- terminar por DFU,sí,
done-view.para-volver-apple-cualquier-momento-mant,studio/AuraStudio/Sources/AuraStudio/Views/DoneView.swift,68,Text,"Para volver a Apple en cualquier momento, mantén SELECT + MENU presionados unos 5 segundos al encender el iPod. Cualquier otra combinacion (o nada) arranca \(firmwareName).","Para volver a Apple en cualquier momento, mantén SELECT + MENU presionados unos 5 segundos al encender el iPod. Cualquier otra combinacion (o nada) arranca %@.",sí,
done-view.reintentar,studio/AuraStudio/Sources/AuraStudio/Views/DoneView.swift,140,Button,Reintentar,Reintentar,no,2
done-view.reintentar,studio/AuraStudio/Sources/AuraStudio/Views/LibraryUnavailableView.swift,57,Button,Reintentar,Reintentar,no,2
done-view.reintentar-ya-prepare-ipod-con-itunes,studio/AuraStudio/Sources/AuraStudio/Views/DoneView.swift,137,Button,Reintentar (ya preparé el iPod con iTunes),Reintentar (ya preparé el iPod con iTunes),no,
done-view.tu-ipod-sigue-mostrando-firmware-origina,studio/AuraStudio/Sources/AuraStudio/Views/DoneView.swift,79,Label,¿Tu iPod sigue mostrando el firmware original?,¿Tu iPod sigue mostrando el firmware original?,no,
enter-d-f-u-view.aura-studio-no-puede-detectar-modo,studio/AuraStudio/Sources/AuraStudio/Views/EnterDFUView.swift,70,Label,Aura Studio no puede detectar el modo DFU,Aura Studio no puede detectar el modo DFU,no,
enter-d-f-u-view.entra-modo-dfu,studio/AuraStudio/Sources/AuraStudio/Views/EnterDFUView.swift,21,Text,Entra a modo DFU,Entra a modo DFU,no,
enter-d-f-u-view.esperando-modo-dfu,studio/AuraStudio/Sources/AuraStudio/Views/EnterDFUView.swift,80,Label,Esperando modo DFU...,Esperando modo DFU...,no,
enter-d-f-u-view.modo-dfu-detectado,studio/AuraStudio/Sources/AuraStudio/Views/EnterDFUView.swift,61,Label,Modo DFU detectado,Modo DFU detectado,no,
enter-d-f-u-view.no-aparece-pausar-servicios-macos-que,studio/AuraStudio/Sources/AuraStudio/Views/EnterDFUView.swift,36,Button,¿No aparece? Pausar los servicios de macOS que pueden interferir,¿No aparece? Pausar los servicios de macOS que pueden interferir,no,
enter-d-f-u-view.pedira-tu-contrasena-se-reactivan-solos,studio/AuraStudio/Sources/AuraStudio/Views/EnterDFUView.swift,39,Text,Pedirá tu contraseña. Se reactivan solos al terminar.,Pedirá tu contraseña. Se reactivan solos al terminar.,no,
extras-view.cambiar,studio/AuraStudio/Sources/AuraStudio/Views/ExtrasView.swift,192,Label,Cambiar a \(chosen.displayName),Cambiar a %@,sí,
extras-view.consultando-github,studio/AuraStudio/Sources/AuraStudio/Views/ExtrasView.swift,135,Text,Consultando GitHub...,Consultando GitHub...,no,
extras-view.disponible-dispositivo,studio/AuraStudio/Sources/AuraStudio/Views/ExtrasView.swift,235,Text,Disponible en el dispositivo,Disponible en el dispositivo,no,
extras-view.elige-cual-firmwares-instalables-usa-aur,studio/AuraStudio/Sources/AuraStudio/Views/ExtrasView.swift,96,Text,"Elige cuál de los firmwares instalables usa Aura Studio la próxima vez que abras el Instalador. Todos son software libre (GPL v2), derivados de Rockbox, y comparten la misma biblioteca: tu música, fotos y videos se sincronizan igual con cualquiera.","Elige cuál de los firmwares instalables usa Aura Studio la próxima vez que abras el Instalador. Todos son software libre (GPL v2), derivados de Rockbox, y comparten la misma biblioteca: tu música, fotos y videos se sincronizan igual con cualquiera.",no,
extras-view.es-firmware-activo-tu-ipod,studio/AuraStudio/Sources/AuraStudio/Views/ExtrasView.swift,173,Text,\(active.displayName) es el firmware activo de tu iPod.,%@ es el firmware activo de tu iPod.,sí,
extras-view.estos-extras-ipod-original-no-estan,studio/AuraStudio/Sources/AuraStudio/Views/ExtrasView.swift,251,Text,"Estos extras del iPod original no estan implementados en Aura. Cuando existan, se van a poder gestionar desde aca.","Estos extras del iPod original no estan implementados en Aura. Cuando existan, se van a poder gestionar desde aca.",no,
extras-view.extras,studio/AuraStudio/Sources/AuraStudio/Views/ExtrasView.swift,76,.navigationTitle,Extras,Extras,no,
extras-view.firmware,studio/AuraStudio/Sources/AuraStudio/Views/ExtrasView.swift,95,Text,Firmware,Firmware,no,
extras-view.incluida,studio/AuraStudio/Sources/AuraStudio/Views/ExtrasView.swift,317,Text,incluida,incluida,no,
extras-view.instalar,studio/AuraStudio/Sources/AuraStudio/Views/ExtrasView.swift,205,Label,Instalar \(chosen.displayName),Instalar %@,sí,
extras-view.licencias,studio/AuraStudio/Sources/AuraStudio/Views/ExtrasView.swift,222,Text,Licencias,Licencias,no,2
extras-view.licencias,studio/AuraStudio/Sources/AuraStudio/Views/LicensesView.swift,26,Text,Licencias,Licencias,no,2
extras-view.revisar-nuevo,studio/AuraStudio/Sources/AuraStudio/Views/ExtrasView.swift,144,Button,Revisar de nuevo,Revisar de nuevo,no,
extras-view.todavia-no,studio/AuraStudio/Sources/AuraStudio/Views/ExtrasView.swift,250,Text,Todavia no,Todavia no,no,
extras-view.tu-ipod-tiene-instalar-lo-agrega,studio/AuraStudio/Sources/AuraStudio/Views/ExtrasView.swift,199,Text,Tu iPod tiene \(active.displayName). Instalar \(chosen.displayName) lo agrega: \(active.displayName) se guarda dormido con sus ajustes y podrás volver a él desde aquí sin volver a instalar nada.,Tu iPod tiene %@. Instalar %@ lo agrega: %@ se guarda dormido con sus ajustes y podrás volver a él desde aquí sin volver a instalar nada.,sí,
extras-view.ya-esta-instalado-tu-ipod-dormido,studio/AuraStudio/Sources/AuraStudio/Views/ExtrasView.swift,178,Text,"\(chosen.displayName) ya está instalado en tu iPod, dormido, con sus ajustes guardados. Cambiar toma un segundo (no descarga ni borra nada); después hay que reiniciar el iPod y la primera vez reconstruye su base de música.","%@ ya está instalado en tu iPod, dormido, con sus ajustes guardados. Cambiar toma un segundo (no descarga ni borra nada); después hay que reiniciar el iPod y la primera vez reconstruye su base de música.",sí,
f-fmpeg-transcoder.2f,studio/AuraStudio/Sources/AuraStudio/Services/FFmpegTranscoder.swift,213,String(format:),%.2f,%.2f,no,2
f-fmpeg-transcoder.2f,studio/AuraStudio/Sources/AuraStudio/Services/FFmpegTranscoder.swift,272,String(format:),%.2f,%.2f,no,2
git-hub-token-settings-view.consulta-releases-aura-firmware-con-toke,studio/AuraStudio/Sources/AuraStudio/Views/GitHubTokenSettingsView.swift,87,.help,Consulta los Releases de Aura-Firmware con el token guardado y muestra la versión más nueva,Consulta los Releases de Aura-Firmware con el token guardado y muestra la versión más nueva,no,
git-hub-token-settings-view.crear-token-github,studio/AuraStudio/Sources/AuraStudio/Views/GitHubTokenSettingsView.swift,49,Label,Crear el token en GitHub,Crear el token en GitHub,no,
git-hub-token-settings-view.github-opcional,studio/AuraStudio/Sources/AuraStudio/Views/GitHubTokenSettingsView.swift,40,Text,GitHub (opcional),GitHub (opcional),no,
git-hub-token-settings-view.guardar,studio/AuraStudio/Sources/AuraStudio/Views/GitHubTokenSettingsView.swift,67,Button,Guardar,Guardar,no,6
git-hub-token-settings-view.guardar,studio/AuraStudio/Sources/AuraStudio/Views/MediaInfoView.swift,291,Button,Guardar,Guardar,no,6
git-hub-token-settings-view.guardar,studio/AuraStudio/Sources/AuraStudio/Views/MediaInfoView.swift,313,Button,Guardar,Guardar,no,6
git-hub-token-settings-view.guardar,studio/AuraStudio/Sources/AuraStudio/Views/MediaSectionView.swift,1405,Button,Guardar,Guardar,no,6
git-hub-token-settings-view.guardar,studio/AuraStudio/Sources/AuraStudio/Views/PhotoAlbumsView.swift,569,Button,Guardar,Guardar,no,6
git-hub-token-settings-view.guardar,studio/AuraStudio/Sources/AuraStudio/Views/ServicesSettingsView.swift,278,Button,Guardar,Guardar,no,6
git-hub-token-settings-view.probar,studio/AuraStudio/Sources/AuraStudio/Views/GitHubTokenSettingsView.swift,83,Text,Probar,Probar,no,
git-hub-token-settings-view.quitar,studio/AuraStudio/Sources/AuraStudio/Views/GitHubTokenSettingsView.swift,69,Button,Quitar,Quitar,no,2
git-hub-token-settings-view.quitar,studio/AuraStudio/Sources/AuraStudio/Views/ServicesSettingsView.swift,286,Button,Quitar,Quitar,no,2
git-hub-token-settings-view.repositorios-firmwares-son-publicos-aura,studio/AuraStudio/Sources/AuraStudio/Views/GitHubTokenSettingsView.swift,56,Text,"Los repositorios de los firmwares son públicos: Aura Studio ya avisa de versiones nuevas sin necesitar nada de esto. Un token de solo lectura solo eleva el límite de consultas a la API de GitHub (útil si compartes tu conexión con muchas otras consultas); instalar el firmware nunca depende de esto, porque viene incluido en la app.","Los repositorios de los firmwares son públicos: Aura Studio ya avisa de versiones nuevas sin necesitar nada de esto. Un token de solo lectura solo eleva el límite de consultas a la API de GitHub (útil si compartes tu conexión con muchas otras consultas); instalar el firmware nunca depende de esto, porque viene incluido en la app.",no,
git-hub-token-settings-view.si-todas-formas-quieres-uno-crea,studio/AuraStudio/Sources/AuraStudio/Views/GitHubTokenSettingsView.swift,59,Text,"Si de todas formas quieres uno: crea un fine-grained token en github.com › Settings › Developer settings con acceso solo a Aura-Firmware, Metro-Aura y moonlit-aura y permiso Contents: Read-only.","Si de todas formas quieres uno: crea un fine-grained token en github.com › Settings › Developer settings con acceso solo a Aura-Firmware, Metro-Aura y moonlit-aura y permiso Contents: Read-only.",no,
git-hub-token-settings-view.token-llavero,studio/AuraStudio/Sources/AuraStudio/Views/GitHubTokenSettingsView.swift,42,Label,Token en el Llavero,Token en el Llavero,no,
install-manifest.08x-llu,studio/AuraStudio/Sources/AuraStudio/Services/InstallManifest.swift,97,String(format:),%08x %llu %@,%08x %llu %@,no,
installer-home-view.actualizar-arranque,studio/AuraStudio/Sources/AuraStudio/Views/InstallerHomeView.swift,108,Label,Actualizar el arranque,Actualizar el arranque,no,2
installer-home-view.actualizar-arranque,studio/AuraStudio/Sources/AuraStudio/Views/UpdateBootloaderView.swift,26,Text,Actualizar el arranque,Actualizar el arranque,no,2
installer-home-view.firmware-instalar-se-elige-extras-firmwa,studio/AuraStudio/Sources/AuraStudio/Views/InstallerHomeView.swift,71,Label,Firmware a instalar: \(name) -- se elige en Extras › Firmware,Firmware a instalar: %@ -- se elige en Extras › Firmware,sí,
installer-home-view.restaurar-ipod-original,studio/AuraStudio/Sources/AuraStudio/Views/InstallerHomeView.swift,90,Label,Restaurar iPod original,Restaurar iPod original,no,
installer-wizard-view.cancelar-instalacion,studio/AuraStudio/Sources/AuraStudio/Views/InstallerWizardView.swift,119,Button,Cancelar instalación,Cancelar instalación,no,
installer-wizard-view.continuar,studio/AuraStudio/Sources/AuraStudio/Views/InstallerWizardView.swift,128,Button,Continuar,Continuar,no,2
installer-wizard-view.continuar,studio/AuraStudio/Sources/AuraStudio/Views/PrivilegedActionSheet.swift,36,Button,Continuar,Continuar,no,2
installer-wizard-view.detener,studio/AuraStudio/Sources/AuraStudio/Views/InstallerWizardView.swift,127,Button,Detener,Detener,no,
installer-wizard-view.detener-proceso,studio/AuraStudio/Sources/AuraStudio/Views/InstallerWizardView.swift,126,.alert,¿Detener el proceso?,¿Detener el proceso?,no,
installer-wizard-view.detener-proceso-mitad-puede-dejar-disco,studio/AuraStudio/Sources/AuraStudio/Views/InstallerWizardView.swift,130,Text,"Detener el proceso a la mitad puede dejar el disco del iPod con errores. Si eso pasa, vuelve a correr el instalador para repararlo.","Detener el proceso a la mitad puede dejar el disco del iPod con errores. Si eso pasa, vuelve a correr el instalador para repararlo.",no,
installing-view.no-desconectes-ipod-ni-cierres-aura,studio/AuraStudio/Sources/AuraStudio/Views/InstallingView.swift,25,Text,No desconectes el iPod ni cierres Aura Studio durante este paso.,No desconectes el iPod ni cierres Aura Studio durante este paso.,no,
library-browsing-components.borrar-busqueda,studio/AuraStudio/Sources/AuraStudio/Views/LibraryBrowsingComponents.swift,549,.help,Borrar búsqueda,Borrar búsqueda,no,
library-status-bar.texto,studio/AuraStudio/Sources/AuraStudio/Views/LibraryStatusBar.swift,17,Text,—,—,no,
library-sync.02d,studio/AuraStudio/Sources/AuraStudio/Services/LibrarySync.swift,1282,String(format:),%02d %@,%02d %@,no,
library-sync.s-02d,studio/AuraStudio/Sources/AuraStudio/Services/LibrarySync.swift,1521,String(format:), S%02d, S%02d,no,
library-sync.s-02de-02d,studio/AuraStudio/Sources/AuraStudio/Services/LibrarySync.swift,1481,String(format:), S%02dE%02d, S%02dE%02d,no,
library-unavailable-view.crear-nueva,studio/AuraStudio/Sources/AuraStudio/Views/LibraryUnavailableView.swift,60,Button,Crear una nueva,Crear una nueva,no,
library-unavailable-view.elegir-otra-biblioteca,studio/AuraStudio/Sources/AuraStudio/Views/LibraryUnavailableView.swift,59,Button,Elegir otra biblioteca...,Elegir otra biblioteca...,no,
library-unavailable-view.instalador-extras-siguen-funcionando-sin,studio/AuraStudio/Sources/AuraStudio/Views/LibraryUnavailableView.swift,64,Text,El Instalador y Extras siguen funcionando sin la biblioteca.,El Instalador y Extras siguen funcionando sin la biblioteca.,no,
library-unavailable-view.no-se-perdio-nada-tu-catalogo,studio/AuraStudio/Sources/AuraStudio/Views/LibraryUnavailableView.swift,40,Text,No se perdió nada: tu catálogo y tus archivos siguen en ese disco. Aura Studio no va a tocar nada hasta que vuelva a estar disponible.,No se perdió nada: tu catálogo y tus archivos siguen en ese disco. Aura Studio no va a tocar nada hasta que vuelva a estar disponible.,no,
licenses-view.aura-studio-es-gratuita-se-distribuye,studio/AuraStudio/Sources/AuraStudio/Views/LicensesView.swift,35,Text,"Aura Studio es gratuita y se distribuye sin fines comerciales. Trae embebidos, tal cual se publicaron y sin modificarlos, los firmwares instalables para iPod Classic 6G, todos software libre bajo la Licencia Pública General de GNU versión 2 (GPL v2). Cada uno es un derivado de Rockbox; su código fuente completo, la versión exacta incluida aquí y el registro de cambios respecto a Rockbox están en los enlaces de abajo, como exige la sección 3 de esa licencia.","Aura Studio es gratuita y se distribuye sin fines comerciales. Trae embebidos, tal cual se publicaron y sin modificarlos, los firmwares instalables para iPod Classic 6G, todos software libre bajo la Licencia Pública General de GNU versión 2 (GPL v2). Cada uno es un derivado de Rockbox; su código fuente completo, la versión exacta incluida aquí y el registro de cambios respecto a Rockbox están en los enlaces de abajo, como exige la sección 3 de esa licencia.",no,
licenses-view.gpl-v2,studio/AuraStudio/Sources/AuraStudio/Views/LicensesView.swift,68,Text,GPL v2,GPL v2,no,
licenses-view.rockbox,studio/AuraStudio/Sources/AuraStudio/Views/LicensesView.swift,44,Text,Rockbox,Rockbox,no,
licenses-view.todos-firmwares-su-bootloader-dual-boot,studio/AuraStudio/Sources/AuraStudio/Views/LicensesView.swift,45,Text,"Todos los firmwares, su bootloader dual-boot y la herramienta de flasheo mks5lboot derivan del proyecto Rockbox (GPL v2). Aura Studio no modifica ninguno de esos binarios.","Todos los firmwares, su bootloader dual-boot y la herramienta de flasheo mks5lboot derivan del proyecto Rockbox (GPL v2). Aura Studio no modifica ninguno de esos binarios.",no,
licenses-view.version-incluida,studio/AuraStudio/Sources/AuraStudio/Views/LicensesView.swift,76,Text,Versión incluida: \(tag),Versión incluida: %@,sí,
licenses-view.version-incluida-no-registrada-esta-buil,studio/AuraStudio/Sources/AuraStudio/Views/LicensesView.swift,81,Text,Versión incluida: no registrada en esta build,Versión incluida: no registrada en esta build,no,
media-info-view.archivo,studio/AuraStudio/Sources/AuraStudio/Views/MediaInfoView.swift,244,Text,Archivo,Archivo,no,
media-info-view.categoria,studio/AuraStudio/Sources/AuraStudio/Views/MediaInfoView.swift,228,Text,Categoría,Categoría,no,2
media-info-view.categoria,studio/AuraStudio/Sources/AuraStudio/Views/MediaInfoView.swift,229,Picker,Categoría,Categoría,no,2
media-info-view.informacion,studio/AuraStudio/Sources/AuraStudio/Views/MediaInfoView.swift,203,Text,Información,Información,no,
media-info-view.letra-opcional,studio/AuraStudio/Sources/AuraStudio/Views/MediaInfoView.swift,185,Text,Letra (opcional),Letra (opcional),no,
media-info-view.mas-informacion,studio/AuraStudio/Sources/AuraStudio/Views/MediaInfoView.swift,128,Text,Más información,Más información,no,
media-info-view.nombre-destino-ipod-se-arma-con,studio/AuraStudio/Sources/AuraStudio/Views/MediaInfoView.swift,219,Text,El nombre de destino en el iPod se arma con estos tres campos -- cambiarlos y sincronizar de nuevo reagrupa el episodio en Movie Flow.,El nombre de destino en el iPod se arma con estos tres campos -- cambiarlos y sincronizar de nuevo reagrupa el episodio en Movie Flow.,no,
media-info-view.se-guarda-junto-cancion-se-muestra,studio/AuraStudio/Sources/AuraStudio/Views/MediaInfoView.swift,190,Text,Se guarda junto a la canción y se muestra en pantalla mientras suena en el iPod.,Se guarda junto a la canción y se muestra en pantalla mientras suena en el iPod.,no,
media-info-view.se-sincroniza-con-ipod-misma-calificacio,studio/AuraStudio/Sources/AuraStudio/Views/MediaInfoView.swift,153,Text,"Se sincroniza con el iPod: la misma calificación que se elige acá o en ""Ahora suena"" del aparato.","Se sincroniza con el iPod: la misma calificación que se elige acá o en ""Ahora suena"" del aparato.",no,
media-info-view.titulo-artista-album-son-obligatorios-pa,studio/AuraStudio/Sources/AuraStudio/Views/MediaInfoView.swift,176,Label,"Título, artista y álbum son obligatorios para sincronizar.","Título, artista y álbum son obligatorios para sincronizar.",no,
media-section-view.aura-studio-ahora-lee-mejor-etiquetas,studio/AuraStudio/Sources/AuraStudio/Views/MediaSectionView.swift,520,Text,Aura Studio ahora lee mejor las etiquetas de tus archivos. ¿Quieres volver a leer las \(count) canción(es) de tu biblioteca?,Aura Studio ahora lee mejor las etiquetas de tus archivos. ¿Quieres volver a leer las %lld canción(es) de tu biblioteca?,sí,
media-section-view.busca-poster-tmdb-fanart-tv-necesita,studio/AuraStudio/Sources/AuraStudio/Views/MediaSectionView.swift,1070,.help,Busca el póster en TMDB y fanart.tv (necesita la API key de TMDB en Ajustes › Servicios) y lo copia junto al video en el iPod,Busca el póster en TMDB y fanart.tv (necesita la API key de TMDB en Ajustes › Servicios) y lo copia junto al video en el iPod,no,
media-section-view.buscar-caratulas-albumes,studio/AuraStudio/Sources/AuraStudio/Views/MediaSectionView.swift,1009,Button,Buscar carátulas de \(coverRequests.count) álbumes...,Buscar carátulas de %lld álbumes...,sí,
media-section-view.buscar-letra,studio/AuraStudio/Sources/AuraStudio/Views/MediaSectionView.swift,1013,Button,Buscar letra,Buscar letra,no,
media-section-view.buscar-poster-linea,studio/AuraStudio/Sources/AuraStudio/Views/MediaSectionView.swift,1065,Button,Buscar póster en línea,Buscar póster en línea,no,5
media-section-view.buscar-poster-linea,studio/AuraStudio/Sources/AuraStudio/Views/MoviesView.swift,387,Button,Buscar póster en línea,Buscar póster en línea,no,5
media-section-view.buscar-poster-linea,studio/AuraStudio/Sources/AuraStudio/Views/MoviesView.swift,429,Button,Buscar póster en línea,Buscar póster en línea,no,5
media-section-view.buscar-poster-linea,studio/AuraStudio/Sources/AuraStudio/Views/SeriesView.swift,386,Button,Buscar póster en línea,Buscar póster en línea,no,5
media-section-view.buscar-poster-linea,studio/AuraStudio/Sources/AuraStudio/Views/SeriesView.swift,497,Button,Buscar póster en línea,Buscar póster en línea,no,5
media-section-view.cambiar-categoria,studio/AuraStudio/Sources/AuraStudio/Views/MediaSectionView.swift,1079,Menu,Cambiar categoría,Cambiar categoría,no,6
media-section-view.cambiar-categoria,studio/AuraStudio/Sources/AuraStudio/Views/MoviesView.swift,432,Menu,Cambiar categoría,Cambiar categoría,no,6
media-section-view.cambiar-categoria,studio/AuraStudio/Sources/AuraStudio/Views/PhotoAlbumsView.swift,383,Menu,Cambiar categoría,Cambiar categoría,no,6
media-section-view.cambiar-categoria,studio/AuraStudio/Sources/AuraStudio/Views/PhotoAlbumsView.swift,520,Menu,Cambiar categoría,Cambiar categoría,no,6
media-section-view.cambiar-categoria,studio/AuraStudio/Sources/AuraStudio/Views/SeriesView.swift,464,Menu,Cambiar categoría,Cambiar categoría,no,6
media-section-view.cambiar-categoria,studio/AuraStudio/Sources/AuraStudio/Views/SeriesView.swift,500,Menu,Cambiar categoría,Cambiar categoría,no,6
media-section-view.cambiar-nombre,studio/AuraStudio/Sources/AuraStudio/Views/MediaSectionView.swift,1090,Button,Cambiar nombre...,Cambiar nombre...,no,
media-section-view.cambiar-nombre-2,studio/AuraStudio/Sources/AuraStudio/Views/MediaSectionView.swift,1398,Text,Cambiar nombre,Cambiar nombre,no,
media-section-view.cola,studio/AuraStudio/Sources/AuraStudio/Views/MediaSectionView.swift,839,Text,En cola,En cola,no,
media-section-view.como-quieres-llamar-al-album-que,studio/AuraStudio/Sources/AuraStudio/Views/MediaSectionView.swift,1435,Text,¿Cómo quieres llamar al álbum que incluirá estas fotos?,¿Cómo quieres llamar al álbum que incluirá estas fotos?,no,
media-section-view.con-cambios,studio/AuraStudio/Sources/AuraStudio/Views/MediaSectionView.swift,888,Label,Con cambios,Con cambios,no,
media-section-view.crear-album,studio/AuraStudio/Sources/AuraStudio/Views/MediaSectionView.swift,1444,Button,Crear álbum,Crear álbum,no,
media-section-view.editar,studio/AuraStudio/Sources/AuraStudio/Views/MediaSectionView.swift,328,Label,Editar,Editar,no,
media-section-view.editar-metadata-letra-cancion-selecciona,studio/AuraStudio/Sources/AuraStudio/Views/MediaSectionView.swift,331,.help,Editar metadata y letra de la canción seleccionada,Editar metadata y letra de la canción seleccionada,no,
media-section-view.elegir-que-columnas-mostrar,studio/AuraStudio/Sources/AuraStudio/Views/MediaSectionView.swift,490,.help,Elegir qué columnas mostrar,Elegir qué columnas mostrar,no,
media-section-view.eliminar-caratula,studio/AuraStudio/Sources/AuraStudio/Views/MediaSectionView.swift,1022,Button,Eliminar carátula,Eliminar carátula,no,
media-section-view.este-archivo-cambio-ipod-fuera-aura,studio/AuraStudio/Sources/AuraStudio/Views/MediaSectionView.swift,893,.help,Este archivo cambió en el iPod fuera de Aura Studio. La próxima vez que sincronices podrás elegir si lo conservas o lo reemplazas con la versión de tu biblioteca.,Este archivo cambió en el iPod fuera de Aura Studio. La próxima vez que sincronices podrás elegir si lo conservas o lo reemplazas con la versión de tu biblioteca.,no,
media-section-view.filtrar-ordenar-elegir-columnas-tambien,studio/AuraStudio/Sources/AuraStudio/Views/MediaSectionView.swift,768,.help,"Filtrar, ordenar y elegir columnas (también con clic derecho sobre los encabezados)","Filtrar, ordenar y elegir columnas (también con clic derecho sobre los encabezados)",no,
media-section-view.imagen-es-tu-biblioteca-parecen-caratula,studio/AuraStudio/Sources/AuraStudio/Views/MediaSectionView.swift,568,Text,"\(count) imagen(es) de tu biblioteca parecen carátulas de álbum, no fotos. ¿Quieres revisarlas?","%lld imagen(es) de tu biblioteca parecen carátulas de álbum, no fotos. ¿Quieres revisarlas?",sí,
media-section-view.importar,studio/AuraStudio/Sources/AuraStudio/Views/MediaSectionView.swift,1491,Button,Importar,Importar,no,
media-section-view.importar-fotos,studio/AuraStudio/Sources/AuraStudio/Views/MediaSectionView.swift,1480,Text,Importar fotos,Importar fotos,no,
media-section-view.marcar-como-favorito,studio/AuraStudio/Sources/AuraStudio/Views/MediaSectionView.swift,1036,Button,Marcar como favorito,Marcar como favorito,no,
media-section-view.modificado-ipod,studio/AuraStudio/Sources/AuraStudio/Views/MediaSectionView.swift,891,Label,Modificado en el iPod,Modificado en el iPod,no,
media-section-view.nombrar-album,studio/AuraStudio/Sources/AuraStudio/Views/MediaSectionView.swift,1434,Text,Nombrar álbum,Nombrar álbum,no,
media-section-view.obtener-informacion,studio/AuraStudio/Sources/AuraStudio/Views/MediaSectionView.swift,1101,Button,Obtener información...,Obtener información...,no,
media-section-view.para-convertir-videos-al-formato-ipod,studio/AuraStudio/Sources/AuraStudio/Views/MediaSectionView.swift,548,Text,"Para convertir videos al formato del iPod hace falta ffmpeg. Instálalo con Homebrew (""brew install ffmpeg"") y vuelve a intentar.","Para convertir videos al formato del iPod hace falta ffmpeg. Instálalo con Homebrew (""brew install ffmpeg"") y vuelve a intentar.",no,
media-section-view.pendiente,studio/AuraStudio/Sources/AuraStudio/Views/MediaSectionView.swift,885,Label,Pendiente,Pendiente,no,
media-section-view.quitado-ipod,studio/AuraStudio/Sources/AuraStudio/Views/MediaSectionView.swift,895,Label,Quitado del iPod,Quitado del iPod,no,
media-section-view.quitar-favoritos,studio/AuraStudio/Sources/AuraStudio/Views/MediaSectionView.swift,1040,Button,Quitar de favoritos,Quitar de favoritos,no,
media-section-view.quitar-poster,studio/AuraStudio/Sources/AuraStudio/Views/MediaSectionView.swift,1071,Button,Quitar póster,Quitar póster,no,
media-section-view.revisar,studio/AuraStudio/Sources/AuraStudio/Views/MediaSectionView.swift,574,Button,Revisar,Revisar,no,2
media-section-view.revisar,studio/AuraStudio/Sources/AuraStudio/Views/MediaSectionView.swift,864,Label,Revisar,Revisar,no,2
media-section-view.se-quito-ipod-fuera-aura-studio,studio/AuraStudio/Sources/AuraStudio/Views/MediaSectionView.swift,897,.help,"Se quitó del iPod fuera de Aura Studio -- no se vuelve a copiar solo. Usa ""Sincronizar la selección"" en el menú contextual para volver a copiarlo.","Se quitó del iPod fuera de Aura Studio -- no se vuelve a copiar solo. Usa ""Sincronizar la selección"" en el menú contextual para volver a copiarlo.",no,
media-section-view.seleccionar-canciones-mismo-album,studio/AuraStudio/Sources/AuraStudio/Views/MediaSectionView.swift,1049,Button,Seleccionar canciones del mismo álbum,Seleccionar canciones del mismo álbum,no,
media-section-view.seleccionar-canciones-mismo-artista,studio/AuraStudio/Sources/AuraStudio/Views/MediaSectionView.swift,1054,Button,Seleccionar canciones del mismo artista,Seleccionar canciones del mismo artista,no,
media-section-view.sin-album,studio/AuraStudio/Sources/AuraStudio/Views/MediaSectionView.swift,1442,Button,Sin álbum,Sin álbum,no,
media-section-view.sincronizado,studio/AuraStudio/Sources/AuraStudio/Views/MediaSectionView.swift,882,Label,Sincronizado,Sincronizado,no,
media-section-view.sincronizar-seleccion,studio/AuraStudio/Sources/AuraStudio/Views/MediaSectionView.swift,1114,Button,Sincronizar la selección,Sincronizar la selección,no,
media-section-view.solo-favoritos,studio/AuraStudio/Sources/AuraStudio/Views/MediaSectionView.swift,756,Label,Solo favoritos,Solo favoritos,no,
media-section-view.tipo,studio/AuraStudio/Sources/AuraStudio/Views/MediaSectionView.swift,1481,Picker,Tipo,Tipo,no,2
media-section-view.tipo,studio/AuraStudio/Sources/AuraStudio/Views/SimilarItemsView.swift,132,Picker,Tipo,Tipo,no,2
media-section-view.volver-intentar,studio/AuraStudio/Sources/AuraStudio/Views/MediaSectionView.swift,551,Button,Volver a intentar,Volver a intentar,no,
media-section-view.volver-leer,studio/AuraStudio/Sources/AuraStudio/Views/MediaSectionView.swift,526,Button,Volver a leer,Volver a leer,no,
media-section-view.volver-leer-etiquetas-archivo,studio/AuraStudio/Sources/AuraStudio/Views/MediaSectionView.swift,1016,Button,Volver a leer etiquetas del archivo,Volver a leer etiquetas del archivo,no,
media-section-view.vuelve-leer-titulo-artista-album-ano,studio/AuraStudio/Sources/AuraStudio/Views/MediaSectionView.swift,1021,.help,"Vuelve a leer título, artista, álbum, año, género, autor, N.º de pista y carátula directamente del archivo original","Vuelve a leer título, artista, álbum, año, género, autor, N.º de pista y carátula directamente del archivo original",no,
movies-view.ordenar-peliculas,studio/AuraStudio/Sources/AuraStudio/Views/MoviesView.swift,244,.help,Ordenar las películas,Ordenar las películas,no,
movies-view.peliculas,studio/AuraStudio/Sources/AuraStudio/Views/MoviesView.swift,122,.navigationTitle,Películas,Películas,no,2
movies-view.peliculas,studio/AuraStudio/Sources/AuraStudio/Views/MoviesView.swift,360,Label,Películas,Películas,no,2
music-settings-view.agregar,studio/AuraStudio/Sources/AuraStudio/Views/MusicSettingsView.swift,101,Button,Agregar,Agregar,no,3
music-settings-view.agregar,studio/AuraStudio/Sources/AuraStudio/Views/PhotoSettingsView.swift,64,Button,Agregar,Agregar,no,3
music-settings-view.agregar,studio/AuraStudio/Sources/AuraStudio/Views/PlaylistsView.swift,229,Text,Agregar,Agregar,no,3
music-settings-view.agrupar-colaboraciones-bajo-artista-prin,studio/AuraStudio/Sources/AuraStudio/Views/MusicSettingsView.swift,78,Toggle,Agrupar las colaboraciones bajo el artista principal,Agrupar las colaboraciones bajo el artista principal,no,
music-settings-view.artista-album-recomendado,studio/AuraStudio/Sources/AuraStudio/Views/MusicSettingsView.swift,15,Text,Artista / Álbum (recomendado),Artista / Álbum (recomendado),no,
music-settings-view.artistas-invitados,studio/AuraStudio/Sources/AuraStudio/Views/MusicSettingsView.swift,77,Text,Artistas invitados,Artistas invitados,no,
music-settings-view.calidad-audio,studio/AuraStudio/Sources/AuraStudio/Views/MusicSettingsView.swift,47,Text,Calidad de audio,Calidad de audio,no,2
music-settings-view.calidad-audio,studio/AuraStudio/Sources/AuraStudio/Views/MusicSettingsView.swift,48,Picker,Calidad de audio,Calidad de audio,no,2
music-settings-view.carpetas,studio/AuraStudio/Sources/AuraStudio/Views/MusicSettingsView.swift,13,Text,Carpetas,Carpetas,no,2
music-settings-view.carpetas,studio/AuraStudio/Sources/AuraStudio/Views/MusicSettingsView.swift,14,Picker,Carpetas,Carpetas,no,2
music-settings-view.comprimir-mp3-buena-calidad,studio/AuraStudio/Sources/AuraStudio/Views/MusicSettingsView.swift,50,Text,Comprimir a MP3 de buena calidad,Comprimir a MP3 de buena calidad,no,
music-settings-view.excepciones,studio/AuraStudio/Sources/AuraStudio/Views/MusicSettingsView.swift,91,Text,Excepciones,Excepciones,no,
music-settings-view.gorillaz-feat-soul-se-agrupa-junto,studio/AuraStudio/Sources/AuraStudio/Views/MusicSettingsView.swift,80,Text,«Gorillaz feat. De La Soul» se agrupa junto a «Gorillaz»: un solo artista en la lista y una sola foto. Los créditos completos NO se modifican -- se siguen viendo en la tabla de canciones y en «Más información».,«Gorillaz feat. De La Soul» se agrupa junto a «Gorillaz»: un solo artista en la lista y una sola foto. Los créditos completos NO se modifican -- se siguen viendo en la tabla de canciones y en «Más información».,no,
music-settings-view.mantener-formato-original-recomendado,studio/AuraStudio/Sources/AuraStudio/Views/MusicSettingsView.swift,49,Text,Mantener formato original (recomendado),Mantener formato original (recomendado),no,
music-settings-view.nombre-archivo,studio/AuraStudio/Sources/AuraStudio/Views/MusicSettingsView.swift,30,Text,Nombre del archivo,Nombre del archivo,no,2
music-settings-view.nombre-archivo,studio/AuraStudio/Sources/AuraStudio/Views/MusicSettingsView.swift,31,Picker,Nombre del archivo,Nombre del archivo,no,2
music-settings-view.nombres-que-no-se-deben-recortar,studio/AuraStudio/Sources/AuraStudio/Views/MusicSettingsView.swift,93,Text,"Nombres que no se deben recortar aunque traigan un separador, como «Simon + Garfunkel» o «Café con Leche».","Nombres que no se deben recortar aunque traigan un separador, como «Simon + Garfunkel» o «Café con Leche».",no,
music-settings-view.numero-pista-titulo,studio/AuraStudio/Sources/AuraStudio/Views/MusicSettingsView.swift,33,Text,Número de pista y título,Número de pista y título,no,
music-settings-view.quitar-excepciones,studio/AuraStudio/Sources/AuraStudio/Views/MusicSettingsView.swift,119,.help,Quitar «\(name)» de las excepciones,Quitar «%@» de las excepciones,sí,
music-settings-view.separadores-que-agrupan-vs-versus-nunca,studio/AuraStudio/Sources/AuraStudio/Views/MusicSettingsView.swift,84,Text,"Separadores que agrupan: . «vs.» y «versus» nunca agrupan, porque ahí la colaboración tiene nombre propio.","Separadores que agrupan: . «vs.» y «versus» nunca agrupan, porque ahí la colaboración tiene nombre propio.",no,
music-settings-view.solo-album,studio/AuraStudio/Sources/AuraStudio/Views/MusicSettingsView.swift,16,Text,Solo álbum,Solo álbum,no,
music-settings-view.solo-artista,studio/AuraStudio/Sources/AuraStudio/Views/MusicSettingsView.swift,17,Text,Solo artista,Solo artista,no,
music-settings-view.solo-titulo-recomendado,studio/AuraStudio/Sources/AuraStudio/Views/MusicSettingsView.swift,32,Text,Solo el título (recomendado),Solo el título (recomendado),no,
music-settings-view.titulo-album,studio/AuraStudio/Sources/AuraStudio/Views/MusicSettingsView.swift,35,Text,Título - Álbum,Título - Álbum,no,
music-settings-view.titulo-artista,studio/AuraStudio/Sources/AuraStudio/Views/MusicSettingsView.swift,34,Text,Título - Artista,Título - Artista,no,
music-settings-view.todavia-no-hay-excepciones,studio/AuraStudio/Sources/AuraStudio/Views/MusicSettingsView.swift,105,Text,Todavía no hay excepciones.,Todavía no hay excepciones.,no,
music-view-options-view.arrastra-para-cambiar-orden-titulo-siemp,studio/AuraStudio/Sources/AuraStudio/Views/MusicViewOptionsView.swift,99,Text,"Arrastra para cambiar el orden. ""Título"" siempre va primero.","Arrastra para cambiar el orden. ""Título"" siempre va primero.",no,
music-view-options-view.ascendente,studio/AuraStudio/Sources/AuraStudio/Views/MusicViewOptionsView.swift,64,Text,Ascendente,Ascendente,no,
music-view-options-view.descendente,studio/AuraStudio/Sources/AuraStudio/Views/MusicViewOptionsView.swift,65,Text,Descendente,Descendente,no,
music-view-options-view.mostrar-solo-favoritos,studio/AuraStudio/Sources/AuraStudio/Views/MusicViewOptionsView.swift,74,Toggle,Mostrar solo favoritos,Mostrar solo favoritos,no,
music-view-options-view.opciones-visualizacion,studio/AuraStudio/Sources/AuraStudio/Views/MusicViewOptionsView.swift,15,Text,Opciones de visualización,Opciones de visualización,no,
music-view-options-view.orden-columnas,studio/AuraStudio/Sources/AuraStudio/Views/MusicViewOptionsView.swift,97,Text,Orden de las columnas,Orden de las columnas,no,
music-view-options-view.ordenar-por,studio/AuraStudio/Sources/AuraStudio/Views/MusicViewOptionsView.swift,54,Text,Ordenar por:,Ordenar por:,no,
music-view-options-view.restablecer,studio/AuraStudio/Sources/AuraStudio/Views/MusicViewOptionsView.swift,35,Button,Restablecer,Restablecer,no,
permissions-view.abrir-ajustes-sistema-privacidad-segurid,studio/AuraStudio/Sources/AuraStudio/Views/PermissionsView.swift,36,Button,Abrir Ajustes del Sistema (Privacidad y Seguridad),Abrir Ajustes del Sistema (Privacidad y Seguridad),no,
permissions-view.permisos-necesarios,studio/AuraStudio/Sources/AuraStudio/Views/PermissionsView.swift,15,Text,Permisos necesarios,Permisos necesarios,no,
photo-albums-view.dejarlo-vacio-disuelve-album-fotos-vuelv,studio/AuraStudio/Sources/AuraStudio/Views/PhotoAlbumsView.swift,563,Text,"Dejarlo vacío disuelve el álbum -- las fotos vuelven a ""Sin álbum"".","Dejarlo vacío disuelve el álbum -- las fotos vuelven a ""Sin álbum"".",no,
photo-albums-view.eliminar-biblioteca,studio/AuraStudio/Sources/AuraStudio/Views/PhotoAlbumsView.swift,534,Button,Eliminar de la biblioteca,Eliminar de la biblioteca,no,
photo-albums-view.eliminar-fotos-biblioteca,studio/AuraStudio/Sources/AuraStudio/Views/PhotoAlbumsView.swift,404,Button,Eliminar fotos de la biblioteca,Eliminar fotos de la biblioteca,no,
photo-albums-view.quitar-album,studio/AuraStudio/Sources/AuraStudio/Views/PhotoAlbumsView.swift,527,Button,Quitar del álbum,Quitar del álbum,no,
photo-albums-view.renombrar-album,studio/AuraStudio/Sources/AuraStudio/Views/PhotoAlbumsView.swift,394,Button,Renombrar álbum...,Renombrar álbum...,no,
photo-albums-view.renombrar-album-2,studio/AuraStudio/Sources/AuraStudio/Views/PhotoAlbumsView.swift,559,Text,Renombrar álbum,Renombrar álbum,no,
photo-albums-view.vista-previa,studio/AuraStudio/Sources/AuraStudio/Views/PhotoAlbumsView.swift,517,Button,Vista previa,Vista previa,no,
photo-settings-view.calidad-imagen,studio/AuraStudio/Sources/AuraStudio/Views/PhotoSettingsView.swift,13,Text,Calidad de imagen,Calidad de imagen,no,2
photo-settings-view.calidad-imagen,studio/AuraStudio/Sources/AuraStudio/Views/PhotoSettingsView.swift,14,Picker,Calidad de imagen,Calidad de imagen,no,2
photo-settings-view.optimizar-espacio-320px-recomendado,studio/AuraStudio/Sources/AuraStudio/Views/PhotoSettingsView.swift,15,Text,"Optimizar espacio (320px, recomendado)","Optimizar espacio (320px, recomendado)",no,
photo-settings-view.organizar-por-coleccion-biblioteca,studio/AuraStudio/Sources/AuraStudio/Views/PhotoSettingsView.swift,29,Toggle,Organizar por colección en la biblioteca,Organizar por colección en la biblioteca,no,
photo-settings-view.pantalla-ipod-es-320x240-foto-camara,studio/AuraStudio/Sources/AuraStudio/Views/PhotoSettingsView.swift,20,Text,"La pantalla del iPod es de 320x240 -- una foto de una cámara o teléfono actual pesa decenas de veces más de lo que esa pantalla puede mostrar. ""Optimizar espacio"" reduce cada foto a 320px de lado mayor, el ancho nativo de la pantalla. ""Versión HD"" la deja en 640px: se ve un poco más nítida al hacer zoom en el visor, a cambio de más espacio en el iPod. En ambos casos se guarda como JPEG comprimido, nunca la foto original completa.","La pantalla del iPod es de 320x240 -- una foto de una cámara o teléfono actual pesa decenas de veces más de lo que esa pantalla puede mostrar. ""Optimizar espacio"" reduce cada foto a 320px de lado mayor, el ancho nativo de la pantalla. ""Versión HD"" la deja en 640px: se ve un poco más nítida al hacer zoom en el visor, a cambio de más espacio en el iPod. En ambos casos se guarda como JPEG comprimido, nunca la foto original completa.",no,
photo-settings-view.separa-tus-fotos-colecciones-imagenes-fo,studio/AuraStudio/Sources/AuraStudio/Views/PhotoSettingsView.swift,30,Text,"Separa tus fotos en colecciones (Imágenes, Fotos e IA por defecto, editables abajo) para encontrarlas más fácil DENTRO de Aura Studio -- la colección se sugiere sola al importar, y se puede corregir a mano en Biblioteca → Fotos. Con este ajuste activo, cada colección es ademas una carpeta dentro de ""Imágenes"" en la carpeta local de la biblioteca (Finder). No cambia dónde quedan en el iPod: ahí siempre se copian juntas en ""Photos"", porque el visor del iPod todavía no navega por subcarpetas.","Separa tus fotos en colecciones (Imágenes, Fotos e IA por defecto, editables abajo) para encontrarlas más fácil DENTRO de Aura Studio -- la colección se sugiere sola al importar, y se puede corregir a mano en Biblioteca → Fotos. Con este ajuste activo, cada colección es ademas una carpeta dentro de ""Imágenes"" en la carpeta local de la biblioteca (Finder). No cambia dónde quedan en el iPod: ahí siempre se copian juntas en ""Photos"", porque el visor del iPod todavía no navega por subcarpetas.",no,
photo-settings-view.version-hd-640px,studio/AuraStudio/Sources/AuraStudio/Views/PhotoSettingsView.swift,16,Text,Versión HD (640px),Versión HD (640px),no,
playlists-view.borrar-playlist,studio/AuraStudio/Sources/AuraStudio/Views/PlaylistsView.swift,149,Label,Borrar playlist,Borrar playlist,no,
playlists-view.elegir-imagen,studio/AuraStudio/Sources/AuraStudio/Views/PlaylistsView.swift,200,Button,Elegir imagen...,Elegir imagen...,no,
playlists-view.elige-o-crea-playlist,studio/AuraStudio/Sources/AuraStudio/Views/PlaylistsView.swift,64,Text,Elige o crea una playlist,Elige o crea una playlist,no,
playlists-view.importar,studio/AuraStudio/Sources/AuraStudio/Views/PlaylistsView.swift,41,Button,Importar...,Importar...,no,
playlists-view.playlist,studio/AuraStudio/Sources/AuraStudio/Views/PlaylistsView.swift,207,Text,En la playlist (\(includedItems.count)),En la playlist (%lld),sí,
playlists-view.quitar-imagen,studio/AuraStudio/Sources/AuraStudio/Views/PlaylistsView.swift,202,Button,Quitar imagen,Quitar imagen,no,
privileged-action-sheet.si-cancelas,studio/AuraStudio/Sources/AuraStudio/Views/PrivilegedActionSheet.swift,24,Text,Si cancelas:,Si cancelas:,no,
restore-handoff-view.cerrar-aura-studio-abrir-finder,studio/AuraStudio/Sources/AuraStudio/Views/RestoreHandoffView.swift,32,Button,Cerrar Aura Studio y abrir Finder,Cerrar Aura Studio y abrir Finder,no,
restore-handoff-view.continua-finder,studio/AuraStudio/Sources/AuraStudio/Views/RestoreHandoffView.swift,16,Text,Continua en Finder,Continua en Finder,no,
restore-handoff-view.ipod-quedo-listo-se-quito-bootloader,studio/AuraStudio/Sources/AuraStudio/Views/RestoreHandoffView.swift,18,Text,"El iPod quedo listo: se quito el bootloader de Aura y el disco se preparo en el formato que Finder espera (Mac OS Plus con registro, mapa GUID).","El iPod quedo listo: se quito el bootloader de Aura y el disco se preparo en el formato que Finder espera (Mac OS Plus con registro, mapa GUID).",no,
series-view.series,studio/AuraStudio/Sources/AuraStudio/Views/SeriesView.swift,92,.navigationTitle,Series,Series,no,2
series-view.series,studio/AuraStudio/Sources/AuraStudio/Views/SeriesView.swift,332,Label,Series,Series,no,2
series-view.temporadas,studio/AuraStudio/Sources/AuraStudio/Views/SeriesView.swift,382,Text,"\(show.seasons.count == 1 ? ""1 temporada"" : ""\(show.seasons.count) temporadas""), \(episodeCountText(show))","%lld, %@",sí,
services-settings-view.activo,studio/AuraStudio/Sources/AuraStudio/Views/ServicesSettingsView.swift,217,Label,Activo,Activo,no,2
services-settings-view.activo,studio/AuraStudio/Sources/AuraStudio/Views/ServicesSettingsView.swift,253,Label,Activo,Activo,no,2
services-settings-view.activos-sin-configurar-nada,studio/AuraStudio/Sources/AuraStudio/Views/ServicesSettingsView.swift,37,Text,"Activos, sin configurar nada","Activos, sin configurar nada",no,
services-settings-view.caratula-alternativa-1000x1000-sin-key-e,studio/AuraStudio/Sources/AuraStudio/Views/ServicesSettingsView.swift,230,Text,"Caratula alternativa, 1000x1000. Sin key -- es la unica fuente cuyos terminos permiten explicitamente el uso no comercial.","Caratula alternativa, 1000x1000. Sin key -- es la unica fuente cuyos terminos permiten explicitamente el uso no comercial.",no,
services-settings-view.como-conseguir-key,studio/AuraStudio/Sources/AuraStudio/Views/ServicesSettingsView.swift,260,Label,Cómo conseguir la key,Cómo conseguir la key,no,
services-settings-view.cuando-cancion-le-falta-caratula-se,studio/AuraStudio/Sources/AuraStudio/Views/ServicesSettingsView.swift,70,Text,"Cuando a una canción le falta carátula, se prueban estos servicios en orden y se usa la primera imagen que aparezca.","Cuando a una canción le falta carátula, se prueban estos servicios en orden y se usa la primera imagen que aparezca.",no,
services-settings-view.deezer,studio/AuraStudio/Sources/AuraStudio/Views/ServicesSettingsView.swift,215,Text,Deezer,Deezer,no,
services-settings-view.descartadas-por-que,studio/AuraStudio/Sources/AuraStudio/Views/ServicesSettingsView.swift,158,Text,"Descartadas, y por que","Descartadas, y por que",no,
services-settings-view.opcionales,studio/AuraStudio/Sources/AuraStudio/Views/ServicesSettingsView.swift,129,Text,Opcionales,Opcionales,no,
services-settings-view.orden-busqueda-caratula,studio/AuraStudio/Sources/AuraStudio/Views/ServicesSettingsView.swift,69,Text,Orden de búsqueda de carátula,Orden de búsqueda de carátula,no,
services-settings-view.se-agregan-solo-si-te-faltan,studio/AuraStudio/Sources/AuraStudio/Views/ServicesSettingsView.swift,130,Text,Se agregan solo si te faltan caratulas: lo de arriba ya cubre el caso normal.,Se agregan solo si te faltan caratulas: lo de arriba ya cubre el caso normal.,no,
services-settings-view.se-investigaron-no-se-van-integrar,studio/AuraStudio/Sources/AuraStudio/Views/ServicesSettingsView.swift,159,Text,Se investigaron y NO se van a integrar. Queda escrito para no volver a evaluarlas.,Se investigaron y NO se van a integrar. Queda escrito para no volver a evaluarlas.,no,
services-settings-view.texto,studio/AuraStudio/Sources/AuraStudio/Views/ServicesSettingsView.swift,77,Text,\(index + 1),%@,sí,
settings-section-view.actualizaciones-aura-studio,studio/AuraStudio/Sources/AuraStudio/Views/SettingsSectionView.swift,236,Text,Actualizaciones de Aura Studio,Actualizaciones de Aura Studio,no,
settings-section-view.aqui-vive-catalogo-tu-biblioteca-funcion,studio/AuraStudio/Sources/AuraStudio/Views/SettingsSectionView.swift,89,Text,"Aquí vive el catálogo de tu biblioteca -- funciona aunque el iPod no esté conectado, y se sincroniza al conectarlo. Que además copie tus archivos aquí depende del ajuste de abajo.","Aquí vive el catálogo de tu biblioteca -- funciona aunque el iPod no esté conectado, y se sincroniza al conectarlo. Que además copie tus archivos aquí depende del ajuste de abajo.",no,
settings-section-view.avisarme-tambien-versiones-beta,studio/AuraStudio/Sources/AuraStudio/Views/SettingsSectionView.swift,257,Toggle,Avisarme también de versiones beta,Avisarme también de versiones beta,no,
settings-section-view.bibliotecas-vinculadas,studio/AuraStudio/Sources/AuraStudio/Views/SettingsSectionView.swift,170,Text,Bibliotecas vinculadas,Bibliotecas vinculadas,no,
settings-section-view.buscar-actualizaciones,studio/AuraStudio/Sources/AuraStudio/Views/SettingsSectionView.swift,242,Button,Buscar actualizaciones,Buscar actualizaciones,no,
settings-section-view.cambiar,studio/AuraStudio/Sources/AuraStudio/Views/SettingsSectionView.swift,104,Button,Cambiar...,Cambiar...,no,
settings-section-view.carpeta-biblioteca-aura,studio/AuraStudio/Sources/AuraStudio/Views/SettingsSectionView.swift,88,Text,Carpeta de la biblioteca Aura,Carpeta de la biblioteca Aura,no,
settings-section-view.carpetas-externas-que-arrastraste-aura-c,studio/AuraStudio/Sources/AuraStudio/Views/SettingsSectionView.swift,171,Text,"Carpetas externas que arrastraste a Aura con ""Crear copias de los medios..."" apagado -- Aura no copia nada de ahí, solo las recuerda acá. Quitar una carpeta de esta lista no borra ni desvincula lo que ya importaste desde ella, solo deja de mostrarla.","Carpetas externas que arrastraste a Aura con ""Crear copias de los medios..."" apagado -- Aura no copia nada de ahí, solo las recuerda acá. Quitar una carpeta de esta lista no borra ni desvincula lo que ya importaste desde ella, solo deja de mostrarla.",no,
settings-section-view.crear-copias-medios-biblioteca-aura,studio/AuraStudio/Sources/AuraStudio/Views/SettingsSectionView.swift,111,Toggle,Crear copias de los medios en la Biblioteca de Aura,Crear copias de los medios en la Biblioteca de Aura,no,
settings-section-view.dejar-mostrar-esta-carpeta-aca,studio/AuraStudio/Sources/AuraStudio/Views/SettingsSectionView.swift,198,.help,Dejar de mostrar esta carpeta acá,Dejar de mostrar esta carpeta acá,no,
settings-section-view.hay-version-nueva-aviso-esta-al,studio/AuraStudio/Sources/AuraStudio/Views/SettingsSectionView.swift,273,Text,Hay una versión nueva: \(update.version.releaseString). El aviso está al pie de la ventana.,Hay una versión nueva: %@. El aviso está al pie de la ventana.,sí,
settings-section-view.hoy-todas-versiones-publicadas-aura-stud,studio/AuraStudio/Sources/AuraStudio/Views/SettingsSectionView.swift,258,Text,"Hoy todas las versiones publicadas de Aura Studio son beta, así que conviene dejarlo activado. Aura Studio nunca se actualiza sola: solo te avisa y te deja bajar el instalador.","Hoy todas las versiones publicadas de Aura Studio son beta, así que conviene dejarlo activado. Aura Studio nunca se actualiza sola: solo te avisa y te deja bajar el instalador.",no,
settings-section-view.no-se-pudo-comprobar,studio/AuraStudio/Sources/AuraStudio/Views/SettingsSectionView.swift,278,Text,No se pudo comprobar: \(reason),No se pudo comprobar: %@,sí,
settings-section-view.todavia-no-arrastraste-ninguna-carpeta-c,studio/AuraStudio/Sources/AuraStudio/Views/SettingsSectionView.swift,177,Text,Todavía no arrastraste ninguna carpeta con ese ajuste apagado.,Todavía no arrastraste ninguna carpeta con ese ajuste apagado.,no,
settings-section-view.version-instalada,studio/AuraStudio/Sources/AuraStudio/Views/SettingsSectionView.swift,239,Text,Versión instalada: \(AppVersion.current),Versión instalada: %@,sí,
settings-section-view.ya-tienes-version-mas-nueva,studio/AuraStudio/Sources/AuraStudio/Views/SettingsSectionView.swift,270,Text,Ya tienes la versión más nueva.,Ya tienes la versión más nueva.,no,
similar-items-detector.d-02d,studio/AuraStudio/Sources/AuraStudio/Services/SimilarItemsDetector.swift,472,String(format:),%d:%02d,%d:%02d,no,3
similar-items-detector.d-02d,studio/AuraStudio/Sources/AuraStudio/Views/MediaSectionView.swift,1303,String(format:),%d:%02d,%d:%02d,no,3
similar-items-detector.d-02d,studio/AuraStudio/Sources/AuraStudio/Views/SimilarItemsView.swift,443,String(format:),%d:%02d,%d:%02d,no,3
similar-items-view.aplica-solo-estos-cambios-artista-album,studio/AuraStudio/Sources/AuraStudio/Views/SimilarItemsView.swift,357,.help,Aplica solo estos cambios de artista/álbum/título. No elimina nada.,Aplica solo estos cambios de artista/álbum/título. No elimina nada.,no,
similar-items-view.aplicar-metadata-sugerida,studio/AuraStudio/Sources/AuraStudio/Views/SimilarItemsView.swift,345,Button,Aplicar la metadata sugerida,Aplicar la metadata sugerida,no,
similar-items-view.buscando-parecidos,studio/AuraStudio/Sources/AuraStudio/Views/SimilarItemsView.swift,160,Text,Buscando parecidos...,Buscando parecidos...,no,
similar-items-view.canciones-videos-o-fotos-que-parecen,studio/AuraStudio/Sources/AuraStudio/Views/SimilarItemsView.swift,127,Text,"Canciones, videos o fotos que parecen estar dos veces en tu biblioteca, con distinta metadata o distinto formato.","Canciones, videos o fotos que parecen estar dos veces en tu biblioteca, con distinta metadata o distinto formato.",no,
similar-items-view.comparando-titulos-artistas-duraciones-t,studio/AuraStudio/Sources/AuraStudio/Views/SimilarItemsView.swift,198,Text,"Comparando títulos, artistas, duraciones y tamaños...","Comparando títulos, artistas, duraciones y tamaños...",no,
similar-items-view.confianza,studio/AuraStudio/Sources/AuraStudio/Views/SimilarItemsView.swift,140,Picker,Confianza,Confianza,no,
similar-items-view.conservar-marcado-eliminar-resto,studio/AuraStudio/Sources/AuraStudio/Views/SimilarItemsView.swift,365,Label,Conservar el marcado y eliminar el resto,Conservar el marcado y eliminar el resto,no,
similar-items-view.editar,studio/AuraStudio/Sources/AuraStudio/Views/SimilarItemsView.swift,462,Button,Editar...,Editar...,no,
similar-items-view.elementos,studio/AuraStudio/Sources/AuraStudio/Views/SimilarItemsView.swift,315,Text,Elementos,Elementos,no,
similar-items-view.elementos-similares,studio/AuraStudio/Sources/AuraStudio/Views/SimilarItemsView.swift,125,Text,Elementos similares,Elementos similares,no,
similar-items-view.elige-grupo-lista,studio/AuraStudio/Sources/AuraStudio/Views/SimilarItemsView.swift,61,Text,Elige un grupo de la lista.,Elige un grupo de la lista.,no,
similar-items-view.eliminar-elementos-biblioteca,studio/AuraStudio/Sources/AuraStudio/Views/SimilarItemsView.swift,87,Text,"¿Eliminar \(losers.count == 1 ? ""1 elemento"" : ""\(losers.count) elementos"") de la biblioteca?",¿Eliminar %lld de la biblioteca?,sí,
similar-items-view.eliminar-solo-este,studio/AuraStudio/Sources/AuraStudio/Views/SimilarItemsView.swift,463,Button,Eliminar solo este,Eliminar solo este,no,
similar-items-view.fotos,studio/AuraStudio/Sources/AuraStudio/Views/SimilarItemsView.swift,136,Text,Fotos,Fotos,no,
similar-items-view.hay-grupo-s-ignorado-s,studio/AuraStudio/Sources/AuraStudio/Views/SimilarItemsView.swift,212,Text,Hay \(preferences.ignoredSimilarGroups.count) grupo(s) ignorado(s).,Hay %lld grupo(s) ignorado(s).,sí,
similar-items-view.ignorar-este-grupo,studio/AuraStudio/Sources/AuraStudio/Views/SimilarItemsView.swift,367,Button,Ignorar este grupo,Ignorar este grupo,no,
similar-items-view.metadata-sugerida,studio/AuraStudio/Sources/AuraStudio/Views/SimilarItemsView.swift,324,Text,Metadata sugerida,Metadata sugerida,no,
similar-items-view.musica,studio/AuraStudio/Sources/AuraStudio/Views/SimilarItemsView.swift,134,Text,Música,Música,no,
similar-items-view.no-son-lo-mismo-no-volver,studio/AuraStudio/Sources/AuraStudio/Views/SimilarItemsView.swift,372,.help,No son lo mismo: no volver a mostrar este grupo.,No son lo mismo: no volver a mostrar este grupo.,no,
similar-items-view.por-que-se-parecen,studio/AuraStudio/Sources/AuraStudio/Views/SimilarItemsView.swift,294,Text,Por qué se parecen,Por qué se parecen,no,
similar-items-view.probables-duplicados,studio/AuraStudio/Sources/AuraStudio/Views/SimilarItemsView.swift,142,Text,Probables y duplicados,Probables y duplicados,no,
similar-items-view.se-conserva-archivos-que-viven-dentro,studio/AuraStudio/Sources/AuraStudio/Views/SimilarItemsView.swift,88,Text,Se conserva «\(keptTitle)». Los archivos que viven dentro de la carpeta de la biblioteca se borran; los originales fuera de ella no se tocan.,Se conserva «%@». Los archivos que viven dentro de la carpeta de la biblioteca se borran; los originales fuera de ella no se tocan.,sí,
similar-items-view.solo-duplicados,studio/AuraStudio/Sources/AuraStudio/Views/SimilarItemsView.swift,141,Text,Solo duplicados,Solo duplicados,no,
similar-items-view.sugerencia,studio/AuraStudio/Sources/AuraStudio/Views/SimilarItemsView.swift,304,Label,Sugerencia,Sugerencia,no,
similar-items-view.sugerido,studio/AuraStudio/Sources/AuraStudio/Views/SimilarItemsView.swift,417,Text,sugerido,sugerido,no,
similar-items-view.texto,studio/AuraStudio/Sources/AuraStudio/Views/SimilarItemsView.swift,330,Text,«\(edit.currentValue)»,«%@»,sí,
similar-items-view.texto-2,studio/AuraStudio/Sources/AuraStudio/Views/SimilarItemsView.swift,336,Text,«\(edit.proposedValue)»,«%@»,sí,
similar-items-view.todo,studio/AuraStudio/Sources/AuraStudio/Views/SimilarItemsView.swift,133,Text,Todo,Todo,no,
similar-items-view.todos-parecidos,studio/AuraStudio/Sources/AuraStudio/Views/SimilarItemsView.swift,143,Text,Todos los parecidos,Todos los parecidos,no,
similar-items-view.video,studio/AuraStudio/Sources/AuraStudio/Views/SimilarItemsView.swift,135,Text,Video,Video,no,
similar-items-view.volver-buscar,studio/AuraStudio/Sources/AuraStudio/Views/SimilarItemsView.swift,149,Label,Volver a buscar,Volver a buscar,no,
similar-items-view.volver-mostrar-ignorados,studio/AuraStudio/Sources/AuraStudio/Views/SimilarItemsView.swift,174,Button,Volver a mostrar los ignorados (\(preferences.ignoredSimilarGroups.count)),Volver a mostrar los ignorados (%lld),sí,
sync-sheets.antes-sincronizar,studio/AuraStudio/Sources/AuraStudio/Views/SyncSheets.swift,23,Text,Antes de sincronizar,Antes de sincronizar,no,
sync-sheets.archivo-s-importado-s-revisalos-musica,studio/AuraStudio/Sources/AuraStudio/Views/SyncSheets.swift,104,Text,\(importedCount) archivo(s) importado(s) -- revísalos en Música/Video/Fotos.,%lld archivo(s) importado(s) -- revísalos en Música/Video/Fotos.,sí,
sync-sheets.archivo-s-se-modificaron-ipod-fuera,studio/AuraStudio/Sources/AuraStudio/Views/SyncSheets.swift,28,Text,\(modifiedSourcePaths.count) archivo(s) se modificaron en el iPod fuera de Aura Studio.,%lld archivo(s) se modificaron en el iPod fuera de Aura Studio.,sí,
sync-sheets.aura-studio-nunca-escribio-estos-archivo,studio/AuraStudio/Sources/AuraStudio/Views/SyncSheets.swift,97,Text,Aura Studio nunca escribió estos archivos -- no forman parte de tu biblioteca. Puedes importarlos (se copian a tu Mac y pasan a ser parte de tu biblioteca) o eliminarlos del iPod.,Aura Studio nunca escribió estos archivos -- no forman parte de tu biblioteca. Puedes importarlos (se copian a tu Mac y pasan a ser parte de tu biblioteca) o eliminarlos del iPod.,no,
sync-sheets.conservar-ipod,studio/AuraStudio/Sources/AuraStudio/Views/SyncSheets.swift,31,Text,Conservar los del iPod,Conservar los del iPod,no,
sync-sheets.contenido-solo-ipod,studio/AuraStudio/Sources/AuraStudio/Views/SyncSheets.swift,90,Text,Contenido solo en el iPod,Contenido solo en el iPod,no,
sync-sheets.eliminar-ipod,studio/AuraStudio/Sources/AuraStudio/Views/SyncSheets.swift,122,Button,Eliminar del iPod,Eliminar del iPod,no,
sync-sheets.esta-accion-no-se-puede-deshacer,studio/AuraStudio/Sources/AuraStudio/Views/SyncSheets.swift,136,Text,Esta acción no se puede deshacer.,Esta acción no se puede deshacer.,no,
sync-sheets.importar-biblioteca,studio/AuraStudio/Sources/AuraStudio/Views/SyncSheets.swift,120,Button,Importar a la biblioteca,Importar a la biblioteca,no,
sync-sheets.quitar-ipod-elemento-s-que-ya,studio/AuraStudio/Sources/AuraStudio/Views/SyncSheets.swift,41,Toggle,Quitar del iPod los \(index.orphanedRecords.count) elemento(s) que ya no están en tu biblioteca,Quitar del iPod los %lld elemento(s) que ya no están en tu biblioteca,sí,
sync-sheets.reemplazar-con-biblioteca,studio/AuraStudio/Sources/AuraStudio/Views/SyncSheets.swift,32,Text,Reemplazar con la biblioteca,Reemplazar con la biblioteca,no,
sync-sheets.se-eliminaran-ipod-tu-biblioteca-mac,studio/AuraStudio/Sources/AuraStudio/Views/SyncSheets.swift,43,Text,Se eliminarán del iPod. Tu biblioteca en la Mac no cambia.,Se eliminarán del iPod. Tu biblioteca en la Mac no cambia.,no,
themes-view.carpeta-con-fonts-e-icons-masks,studio/AuraStudio/Sources/AuraStudio/Views/ThemesView.swift,236,Text,"Una carpeta con fonts/ e icons/masks/ ya generados -- por ejemplo, la salida de design-system/generate.py del firmware, o ~/Aura-local/theme-apple-source/design-system-out/.","Una carpeta con fonts/ e icons/masks/ ya generados -- por ejemplo, la salida de design-system/generate.py del firmware, o ~/Aura-local/theme-apple-source/design-system-out/.",no,
themes-view.carpeta-origen,studio/AuraStudio/Sources/AuraStudio/Views/ThemesView.swift,227,Section,Carpeta de origen,Carpeta de origen,no,
themes-view.construir-e-instalar,studio/AuraStudio/Sources/AuraStudio/Views/ThemesView.swift,260,Button,Construir e instalar,Construir e instalar,no,
themes-view.construir-tema-nuevo,studio/AuraStudio/Sources/AuraStudio/Views/ThemesView.swift,135,Button,Construir tema nuevo…,Construir tema nuevo…,no,
themes-view.elegir,studio/AuraStudio/Sources/AuraStudio/Views/ThemesView.swift,234,Button,Elegir…,Elegir…,no,
themes-view.entendido,studio/AuraStudio/Sources/AuraStudio/Views/ThemesView.swift,158,Button,Entendido,Entendido,no,
themes-view.este-tema-se-construye-solo-para,studio/AuraStudio/Sources/AuraStudio/Views/ThemesView.swift,247,Text,Este tema se construye solo para tu propio iPod: no lo compartas ni lo distribuyas -- la licencia de esos assets no lo permite fuera de tu dispositivo. Aura Studio nunca incluye ni descarga estos archivos; solo usa los que tu Mac ya tiene.,Este tema se construye solo para tu propio iPod: no lo compartas ni lo distribuyas -- la licencia de esos assets no lo permite fuera de tu dispositivo. Aura Studio nunca incluye ni descarga estos archivos; solo usa los que tu Mac ya tiene.,no,
themes-view.esto-borra-tema-ipod-si-estaba,studio/AuraStudio/Sources/AuraStudio/Views/ThemesView.swift,173,Text,"Esto borra el tema del iPod. Si estaba activo, Aura vuelve a ser el tema integrado.","Esto borra el tema del iPod. Si estaba activo, Aura vuelve a ser el tema integrado.",no,
themes-view.no-se-pudo-completar-operacion,studio/AuraStudio/Sources/AuraStudio/Views/ThemesView.swift,154,.alert,No se pudo completar la operación,No se pudo completar la operación,no,
themes-view.se-aplican-ipod-al-arrancar-tema,studio/AuraStudio/Sources/AuraStudio/Views/ThemesView.swift,124,Text,Se aplican en el iPod al arrancar. Un tema que no carga (formato incompatible o archivos faltantes) aparece atenuado -- el firmware nunca finge soportar lo que no tiene.,Se aplican en el iPod al arrancar. Un tema que no carga (formato incompatible o archivos faltantes) aparece atenuado -- el firmware nunca finge soportar lo que no tiene.,no,
themes-view.tema,studio/AuraStudio/Sources/AuraStudio/Views/ThemesView.swift,240,Section,Tema,Tema,no,
themes-view.temas,studio/AuraStudio/Sources/AuraStudio/Views/ThemesView.swift,129,.navigationTitle,Temas,Temas,no,
themes-view.usa-tipografias-o-simbolos-con-licencia,studio/AuraStudio/Sources/AuraStudio/Views/ThemesView.swift,245,Toggle,"Usa tipografías o símbolos con licencia restringida (por ejemplo, SF Pro o SF Symbols)","Usa tipografías o símbolos con licencia restringida (por ejemplo, SF Pro o SF Symbols)",no,
video-settings-view.formato-video,studio/AuraStudio/Sources/AuraStudio/Views/VideoSettingsView.swift,19,Text,Formato de video,Formato de video,no,
video-settings-view.organizar-por-categoria-biblioteca,studio/AuraStudio/Sources/AuraStudio/Views/VideoSettingsView.swift,9,Toggle,Organizar por categoría en la biblioteca,Organizar por categoría en la biblioteca,no,
video-settings-view.separa-tus-videos-videos-series-pelicula,studio/AuraStudio/Sources/AuraStudio/Views/VideoSettingsView.swift,10,Text,"Separa tus videos en Videos, Series y Películas para encontrarlos más fácil DENTRO de Aura Studio (la categoría se sugiere sola por duración al importar -- salvo ""Series"", que no tiene una heurística confiable y siempre se asigna a mano -- y se puede corregir en Biblioteca → Video). No cambia dónde quedan en el iPod: ahí siempre se copian juntos en ""Videos"", porque el reproductor del iPod todavía no navega por subcarpetas.","Separa tus videos en Videos, Series y Películas para encontrarlos más fácil DENTRO de Aura Studio (la categoría se sugiere sola por duración al importar -- salvo ""Series"", que no tiene una heurística confiable y siempre se asigna a mano -- y se puede corregir en Biblioteca → Video). No cambia dónde quedan en el iPod: ahí siempre se copian juntos en ""Videos"", porque el reproductor del iPod todavía no navega por subcarpetas.",no,
video-settings-view.todo-video-se-convierte-320x240-mpeg,studio/AuraStudio/Sources/AuraStudio/Views/VideoSettingsView.swift,20,Text,"Todo video se convierte a 320x240 MPEG-1/2 al sincronizar -- es el único formato que el iPod con Aura puede reproducir a velocidad completa (el chip de este iPod no puede decodificar H.264 ni formatos modernos). No es una preferencia: es una limitación real del hardware de 2007, así que aquí no hay nada que elegir.","Todo video se convierte a 320x240 MPEG-1/2 al sincronizar -- es el único formato que el iPod con Aura puede reproducir a velocidad completa (el chip de este iPod no puede decodificar H.264 ni formatos modernos). No es una preferencia: es una limitación real del hardware de 2007, así que aquí no hay nada que elegir.",no,
welcome-view.entiendo-que-arranque-apple-se-borra,studio/AuraStudio/Sources/AuraStudio/Views/WelcomeView.swift,45,Toggle,Entiendo que el arranque de Apple se borra,Entiendo que el arranque de Apple se borra,no,
welcome-view.firmware-original-apple-se-borra-arranqu,studio/AuraStudio/Sources/AuraStudio/Views/WelcomeView.swift,42,Text,"El firmware original de Apple se borra del arranque del iPod. Una vez instalado, el iPod solo arranca \(firmwareName); para volver a Apple hay que restaurarlo con iTunes/Finder desde cero. (El dual boot necesita un iPod en formato ""winpod"" -- restaurado desde Windows --, y un iPod restaurado desde Mac no lo es, asi que Aura Studio ya no lo ofrece.)","El firmware original de Apple se borra del arranque del iPod. Una vez instalado, el iPod solo arranca %@; para volver a Apple hay que restaurarlo con iTunes/Finder desde cero. (El dual boot necesita un iPod en formato ""winpod"" -- restaurado desde Windows --, y un iPod restaurado desde Mac no lo es, asi que Aura Studio ya no lo ofrece.)",sí,
welcome-view.marca-casilla-arriba-para-continuar,studio/AuraStudio/Sources/AuraStudio/Views/WelcomeView.swift,51,Label,Marca la casilla de arriba para continuar.,Marca la casilla de arriba para continuar.,no,
